OSD188_6_14_RI	OSD189_6_14_YNG	OSD190_6_14_KI	OSD191_6_14_DRW	OSD31_6_14_PH	OSD32_6_14_NSI	OSD33_6_14_MI
0.0000	0.0000	0.0000	0.0042	0.0000	0.0000	0.0000	Archaea;
0.0000	0.0000	0.0000	0.0042	0.0000	0.0000	0.0000	Archaea;Aenigmarchaeota;Deep Sea Euryarchaeotic Group(DSEG);
0.0000	0.0000	0.0044	0.0126	0.0000	0.0000	0.0401	Archaea;Bathyarchaeota;
0.0000	0.0035	0.0000	0.0000	0.0000	0.0000	0.0000	Archaea;Euryarchaeota;Halobacteria;Halobacteriales;Halobacteriaceae;Halococcus;
0.0000	0.0035	0.0000	0.0000	0.0000	0.0000	0.0000	Archaea;Euryarchaeota;Halobacteria;Halobacteriales;Halobacteriaceae;Halorubrum;
0.0000	0.0000	0.0000	0.0000	0.0042	0.0000	0.0000	Archaea;Euryarchaeota;Halobacteria;Halobacteriales;Halobacteriaceae;Natronomonas;
0.0120	0.0035	0.0000	0.0000	0.0000	0.0000	0.0115	Archaea;Euryarchaeota;Halobacteria;Halobacteriales;Halobacteriaceae;uncultured;
0.0000	0.0000	0.0000	0.0042	0.0000	0.0000	0.0000	Archaea;Euryarchaeota;Thermoplasmata;Thermoplasmatales;AMOS1A-4113-D04;
0.0000	0.0000	0.0000	0.0168	0.0000	0.0000	0.0000	Archaea;Euryarchaeota;Thermoplasmata;Thermoplasmatales;CCA47;
0.0000	0.0000	0.0000	0.0042	0.0000	0.0000	0.0000	Archaea;Euryarchaeota;Thermoplasmata;Thermoplasmatales;MKCST-A3;
4.6716	5.1408	7.6340	3.9783	2.2692	6.0944	5.8874	Archaea;Euryarchaeota;Thermoplasmata;Thermoplasmatales;Marine Group II;
0.6577	0.6980	0.5645	0.0671	0.0793	0.5861	3.7340	Archaea;Euryarchaeota;Thermoplasmata;Thermoplasmatales;Marine Group III;
0.0000	0.0000	0.0000	0.0042	0.0000	0.0000	0.0000	Archaea;Lokiarchaeota;
0.0000	0.0000	0.0000	0.0042	0.0000	0.0000	0.0000	Archaea;Marine Hydrothermal Vent Group(MHVG);
0.0000	0.0000	0.0000	0.0042	0.0000	0.0000	0.0000	Archaea;Miscellaneous Euryarchaeotic Group(MEG);
0.0000	0.0000	0.0000	0.0042	0.0000	0.0000	0.0000	Archaea;Thaumarchaeota;Group C3;
0.0040	0.0000	0.0044	0.2980	0.0083	0.0000	0.0057	Archaea;Thaumarchaeota;Marine Group I;
0.0000	0.0000	0.1147	0.0000	0.0000	0.0000	0.0000	Archaea;Thaumarchaeota;Marine Group I;Unknown Order;Unknown Family;Candidatus Nitrosoarchaeum;
0.6896	0.0105	1.0143	0.3441	0.1877	0.0421	2.8635	Archaea;Thaumarchaeota;Marine Group I;Unknown Order;Unknown Family;Candidatus Nitrosopelagicus;
0.2192	0.0035	1.8655	0.4448	0.0584	0.0153	5.4751	Archaea;Thaumarchaeota;Marine Group I;Unknown Order;Unknown Family;Candidatus Nitrosopumilus;
0.0000	0.0000	0.0000	0.0042	0.0000	0.0000	0.0000	Archaea;WSA2;20a-9;
0.0040	0.0279	0.0044	0.2350	0.0083	0.0306	0.0630	Archaea;Woesearchaeota (DHVEG-6);
0.0000	0.0000	0.0000	0.0084	0.0000	0.0000	0.0000	Bacteria;Acetothermia;Unknown Class;Unknown Order;Unknown Family;Candidatus Acetothermus;
0.0000	0.0000	0.0000	0.0042	0.0000	0.0000	0.0000	Bacteria;Acidobacteria;AT-s3-28;
0.0000	0.0000	0.0000	0.0210	0.0000	0.0000	0.0000	Bacteria;Acidobacteria;Blastocatellia;Blastocatellales;Blastocatellaceae (Subgroup 4);Blastocatella;
0.0000	0.0000	0.0000	0.0042	0.0000	0.0000	0.0000	Bacteria;Acidobacteria;Holophagae;Acanthopleuribacterales;Acanthopleuribacteraceae;Acanthopleuribacter;
0.0000	0.0000	0.0000	0.0084	0.0000	0.0000	0.0000	Bacteria;Acidobacteria;Holophagae;B276-D12;
0.0000	0.0000	0.0000	0.0042	0.0000	0.0000	0.0000	Bacteria;Acidobacteria;Holophagae;Subgroup 10;NS72;
0.0000	0.0000	0.0000	0.0420	0.0000	0.0000	0.0115	Bacteria;Acidobacteria;Holophagae;Subgroup 10;Sva0725;
0.0000	0.0000	0.0000	0.0000	0.0042	0.0000	0.0000	Bacteria;Acidobacteria;Solibacteres;Solibacterales;Solibacteraceae (Subgroup 3);Bryobacter;
0.0000	0.0000	0.0000	0.0168	0.0000	0.0000	0.0000	Bacteria;Acidobacteria;Solibacteres;Solibacterales;Solibacteraceae (Subgroup 3);PAUC26f;
0.0040	0.0000	0.0000	0.0000	0.0000	0.0000	0.0000	Bacteria;Acidobacteria;Subgroup 17;
0.0000	0.0000	0.0088	0.0336	0.0000	0.0000	0.0000	Bacteria;Acidobacteria;Subgroup 21;
0.0159	0.0000	0.0088	0.1679	0.0000	0.0000	0.0000	Bacteria;Acidobacteria;Subgroup 22;
0.0040	0.0000	0.0000	0.0210	0.0000	0.0000	0.0000	Bacteria;Acidobacteria;Subgroup 26;
0.0000	0.0000	0.0000	0.0000	0.0000	0.0000	0.0057	Bacteria;Acidobacteria;Subgroup 6;
0.0000	0.0000	0.0044	0.0042	0.0000	0.0000	0.0000	Bacteria;Acidobacteria;Subgroup 9;
0.0120	0.0000	0.0000	0.0084	0.0000	0.0000	0.0000	Bacteria;Actinobacteria;Acidimicrobiia;Acidimicrobiales;Acidimicrobiaceae;Ilumatobacter;
0.0120	0.0384	0.0044	0.0965	0.0793	0.0192	0.0000	Bacteria;Actinobacteria;Acidimicrobiia;Acidimicrobiales;Acidimicrobiaceae;uncultured;
0.0120	0.0000	0.0000	0.0965	0.0000	0.0000	0.0000	Bacteria;Actinobacteria;Acidimicrobiia;Acidimicrobiales;OM1 clade;
6.0108	4.4672	2.9504	8.8002	7.1789	7.5462	4.0777	Bacteria;Actinobacteria;Acidimicrobiia;Acidimicrobiales;OM1 clade;Candidatus Actinomarina;
1.7180	1.0994	1.0893	1.3933	1.8479	0.7776	2.0388	Bacteria;Actinobacteria;Acidimicrobiia;Acidimicrobiales;Sva0996 marine group;
0.0040	0.0000	0.0044	0.0000	0.0042	0.0000	0.0000	Bacteria;Actinobacteria;Acidimicrobiia;Acidimicrobiales;uncultured;
0.0040	0.0000	0.0000	0.0000	0.0000	0.0000	0.0000	Bacteria;Actinobacteria;Actinobacteria;Corynebacteriales;Dietziaceae;Dietzia;
0.0000	0.0070	0.0000	0.0000	0.0000	0.0000	0.0000	Bacteria;Actinobacteria;Actinobacteria;Corynebacteriales;Nocardiaceae;Williamsia;
0.0040	0.0000	0.0000	0.0000	0.0000	0.0000	0.0000	Bacteria;Actinobacteria;Actinobacteria;Micrococcales;Cellulomonadaceae;Actinotalea;
0.0040	0.0000	0.0000	0.0000	0.0000	0.0000	0.0000	Bacteria;Actinobacteria;Actinobacteria;Micrococcales;Intrasporangiaceae;Serinicoccus;
0.0000	0.0000	0.0000	0.0000	0.0042	0.0000	0.0000	Bacteria;Actinobacteria;Actinobacteria;Micrococcales;Microbacteriaceae;Lysinimonas;
0.0000	0.0000	0.0000	0.0000	0.0042	0.0000	0.0000	Bacteria;Actinobacteria;Actinobacteria;Micrococcales;Microbacteriaceae;ML602J-51;
0.0000	0.0000	0.0000	0.0000	0.0000	0.0038	0.0000	Bacteria;Actinobacteria;Actinobacteria;Micrococcales;Microbacteriaceae;Naasia;
0.0040	0.0000	0.0000	0.0000	0.0000	0.0000	0.0000	Bacteria;Actinobacteria;Actinobacteria;Micrococcales;Micrococcaceae;Kocuria;
0.0000	0.0035	0.0000	0.0000	0.0000	0.0038	0.0000	Bacteria;Actinobacteria;Actinobacteria;Micrococcales;Micrococcaceae;Rothia;
0.0000	0.0000	0.0000	0.0000	0.0042	0.0000	0.0000	Bacteria;Actinobacteria;Actinobacteria;Micrococcales;Sanguibacteraceae;Sanguibacter;
0.0319	0.0035	0.0000	0.0042	0.0000	0.0000	0.0057	Bacteria;Actinobacteria;Actinobacteria;PeM15;
0.0000	0.0000	0.0000	0.0042	0.0000	0.0000	0.0000	Bacteria;Actinobacteria;Actinobacteria;Streptomycetales;Streptomycetaceae;Streptomyces;
0.0000	0.0000	0.0000	0.0000	0.0000	0.0000	0.0057	Bacteria;Actinobacteria;Coriobacteriia;Coriobacteriales;Coriobacteriaceae;Olsenella;
0.0000	0.0000	0.0044	0.0000	0.0000	0.0000	0.0000	Bacteria;Actinobacteria;Nitriliruptoria;Euzebyales;Euzebyaceae;Euzebya;
0.0000	0.0000	0.0000	0.0000	0.0000	0.0000	0.0057	Bacteria;Actinobacteria;Thermoleophilia;Solirubrobacterales;YNPFFP1;
0.0000	0.0000	0.0000	0.0294	0.0000	0.0000	0.0000	Bacteria;Armatimonadetes;Fimbriimonadia;Fimbriimonadales;Fimbriimonadaceae;
0.0000	0.0000	0.0000	0.0126	0.0000	0.0000	0.0000	Bacteria;BRC1;
0.0000	0.0000	0.0000	0.0210	0.0000	0.0000	0.0000	Bacteria;Bacteroidetes;Bacteroidetes BD2-2;
0.0000	0.0140	0.0000	0.0000	0.0000	0.0000	0.0000	Bacteria;Bacteroidetes;Bacteroidetes Incertae Sedis;Order II;Rhodothermaceae;Rubrivirga;
0.0199	0.0000	0.0044	0.1049	0.0000	0.0000	0.0000	Bacteria;Bacteroidetes;Bacteroidetes Incertae Sedis;Order II;Rhodothermaceae;uncultured;
0.0319	0.0628	0.0000	0.0252	0.0042	0.0192	0.0057	Bacteria;Bacteroidetes;Bacteroidetes Incertae Sedis;Order III;Unknown Family;Balneola;
0.0000	0.0035	0.0000	0.0000	0.0000	0.0000	0.0000	Bacteria;Bacteroidetes;Bacteroidetes Incertae Sedis;Order III;Unknown Family;Gracilimonas;
0.0000	0.0000	0.0000	0.0042	0.0000	0.0000	0.0000	Bacteria;Bacteroidetes;Bacteroidetes Incertae Sedis;Order III;uncultured;
0.0040	0.0000	0.0000	0.0126	0.0000	0.0000	0.0057	Bacteria;Bacteroidetes;Bacteroidia;Bacteroidales;Marinilabiaceae;uncultured;
0.0080	0.0000	0.0132	0.0042	0.0000	0.0000	0.0000	Bacteria;Bacteroidetes;Bacteroidia;Bacteroidales;Prolixibacteraceae;Prolixibacter;
0.0040	0.0000	0.0000	0.0042	0.0000	0.0000	0.0000	Bacteria;Bacteroidetes;Bacteroidia;Bacteroidales;Rikenellaceae;Rikenella;
0.0000	0.0000	0.0000	0.0042	0.0000	0.0000	0.0000	Bacteria;Bacteroidetes;Bacteroidia;Bacteroidia Incertae Sedis;Draconibacteriaceae;Draconibacterium;
0.0000	0.0000	0.0000	0.0000	0.0000	0.0000	0.0057	Bacteria;Bacteroidetes;Cytophagia;Cytophagales;Cyclobacteriaceae;Cyclobacterium;
0.0000	0.0000	0.0000	0.0042	0.0000	0.0000	0.0000	Bacteria;Bacteroidetes;Cytophagia;Cytophagales;Cytophagaceae;Microscilla;
0.0000	0.0000	0.0000	0.0000	0.0000	0.0038	0.0000	Bacteria;Bacteroidetes;Cytophagia;Cytophagales;Cytophagaceae;Sporocytophaga;
0.0000	0.0000	0.0044	0.0000	0.0000	0.0000	0.0057	Bacteria;Bacteroidetes;Cytophagia;Cytophagales;Cytophagaceae;uncultured;
0.0040	0.0000	0.0044	0.0000	0.0000	0.0000	0.0000	Bacteria;Bacteroidetes;Cytophagia;Cytophagales;Flammeovirgaceae;Aureibacter;
0.0000	0.0035	0.0000	0.0084	0.0000	0.0077	0.0000	Bacteria;Bacteroidetes;Cytophagia;Cytophagales;Flammeovirgaceae;Candidatus Amoebophilus;
0.0000	0.0070	0.0000	0.0000	0.0000	0.0000	0.0000	Bacteria;Bacteroidetes;Cytophagia;Cytophagales;Flammeovirgaceae;Cesiribacter;
0.0000	0.0070	0.0000	0.0210	0.0000	0.0230	0.0000	Bacteria;Bacteroidetes;Cytophagia;Cytophagales;Flammeovirgaceae;Ekhidna;
0.0080	0.0070	0.0000	0.0084	0.0292	0.0536	0.0229	Bacteria;Bacteroidetes;Cytophagia;Cytophagales;Flammeovirgaceae;Fabibacter;
0.0000	0.0000	0.0044	0.0000	0.0000	0.0000	0.0000	Bacteria;Bacteroidetes;Cytophagia;Cytophagales;Flammeovirgaceae;Flammeovirga;
0.0000	0.0000	0.0000	0.0252	0.0042	0.0000	0.0057	Bacteria;Bacteroidetes;Cytophagia;Cytophagales;Flammeovirgaceae;Flexithrix;
0.0000	0.0000	0.0000	0.0126	0.0000	0.0000	0.0000	Bacteria;Bacteroidetes;Cytophagia;Cytophagales;Flammeovirgaceae;Fulvivirga;
0.6936	0.2094	0.1103	0.5414	0.6507	0.4520	0.0916	Bacteria;Bacteroidetes;Cytophagia;Cytophagales;Flammeovirgaceae;Marinoscillum;
0.0000	0.0035	0.0000	0.0042	0.0042	0.0038	0.0000	Bacteria;Bacteroidetes;Cytophagia;Cytophagales;Flammeovirgaceae;Reichenbachiella;
0.0000	0.0000	0.0000	0.0000	0.0000	0.0000	0.0515	Bacteria;Bacteroidetes;Cytophagia;Cytophagales;Flammeovirgaceae;Roseivirga;
0.0877	0.0070	0.0926	0.3861	0.1126	0.0460	0.0344	Bacteria;Bacteroidetes;Cytophagia;Cytophagales;Flammeovirgaceae;uncultured;
0.0000	0.0000	0.0000	0.0000	0.0042	0.0077	0.0000	Bacteria;Bacteroidetes;Flavobacteriia;Flavobacteriales;
0.0399	0.0105	0.0485	0.0126	0.0626	0.0077	0.0172	Bacteria;Bacteroidetes;Flavobacteriia;Flavobacteriales;Cryomorphaceae;Crocinitomix;
0.0040	0.0000	0.0000	0.0000	0.0000	0.0000	0.0000	Bacteria;Bacteroidetes;Flavobacteriia;Flavobacteriales;Cryomorphaceae;Cryomorpha;
0.1435	0.2024	0.1191	1.2086	0.2628	0.0421	0.0458	Bacteria;Bacteroidetes;Flavobacteriia;Flavobacteriales;Cryomorphaceae;Fluviicola;
0.0877	0.0035	0.0573	0.0210	0.0375	0.0536	0.0687	Bacteria;Bacteroidetes;Flavobacteriia;Flavobacteriales;Cryomorphaceae;NS10 marine group;
0.0000	0.0035	0.0044	0.0042	0.0000	0.0000	0.0115	Bacteria;Bacteroidetes;Flavobacteriia;Flavobacteriales;Cryomorphaceae;Owenweeksia;
0.0120	0.0035	0.0000	0.1217	0.0793	0.0000	0.0000	Bacteria;Bacteroidetes;Flavobacteriia;Flavobacteriales;Cryomorphaceae;Salinirepens;
0.5660	0.1256	3.3385	0.2728	1.4016	0.7278	0.2864	Bacteria;Bacteroidetes;Flavobacteriia;Flavobacteriales;Cryomorphaceae;uncultured;
0.0000	0.0000	0.0000	0.0042	0.0000	0.0000	0.0000	Bacteria;Bacteroidetes;Flavobacteriia;Flavobacteriales;Flavobacteriaceae;
0.0199	0.0000	0.0000	0.0210	0.0125	0.0000	0.0000	Bacteria;Bacteroidetes;Flavobacteriia;Flavobacteriales;Flavobacteriaceae;Actibacter;
0.0040	0.0000	0.0044	0.0000	0.0000	0.0000	0.0000	Bacteria;Bacteroidetes;Flavobacteriia;Flavobacteriales;Flavobacteriaceae;Algitalea;
0.0279	0.0035	0.0132	0.0504	0.0167	0.0115	0.0000	Bacteria;Bacteroidetes;Flavobacteriia;Flavobacteriales;Flavobacteriaceae;Aquibacter;
0.0000	0.0000	0.0088	0.0000	0.0000	0.0000	0.0000	Bacteria;Bacteroidetes;Flavobacteriia;Flavobacteriales;Flavobacteriaceae;Aquimarina;
0.0000	0.0000	0.0000	0.0000	0.0000	0.0000	0.0057	Bacteria;Bacteroidetes;Flavobacteriia;Flavobacteriales;Flavobacteriaceae;Arenibacter;
0.0199	0.0000	0.0000	0.0000	0.0042	0.0077	0.0000	Bacteria;Bacteroidetes;Flavobacteriia;Flavobacteriales;Flavobacteriaceae;Aureisphaera;
0.0239	0.0000	0.0000	0.0000	0.0042	0.0000	0.0000	Bacteria;Bacteroidetes;Flavobacteriia;Flavobacteriales;Flavobacteriaceae;Aureitalea;
0.0000	0.0000	0.0000	0.0000	0.0042	0.0000	0.0000	Bacteria;Bacteroidetes;Flavobacteriia;Flavobacteriales;Flavobacteriaceae;Croceibacter;
0.0000	0.0000	0.0000	0.0000	0.0042	0.0000	0.0000	Bacteria;Bacteroidetes;Flavobacteriia;Flavobacteriales;Flavobacteriaceae;Dokdonia;
0.0040	0.0000	0.0000	0.0000	0.0000	0.0000	0.0000	Bacteria;Bacteroidetes;Flavobacteriia;Flavobacteriales;Flavobacteriaceae;Empedobacter;
0.0080	0.0000	0.0176	0.0000	0.0459	0.0268	0.0057	Bacteria;Bacteroidetes;Flavobacteriia;Flavobacteriales;Flavobacteriaceae;Flavicella;
0.0000	0.0000	0.0000	0.0000	0.0042	0.0000	0.0000	Bacteria;Bacteroidetes;Flavobacteriia;Flavobacteriales;Flavobacteriaceae;Flavobacterium;
0.0040	0.0663	0.0485	0.0042	0.1752	0.0038	0.0115	Bacteria;Bacteroidetes;Flavobacteriia;Flavobacteriales;Flavobacteriaceae;Formosa;
0.0000	0.0000	0.0000	0.0000	0.0334	0.0115	0.0000	Bacteria;Bacteroidetes;Flavobacteriia;Flavobacteriales;Flavobacteriaceae;Gilvibacter;
0.0000	0.0000	0.0044	0.0000	0.0000	0.0000	0.0057	Bacteria;Bacteroidetes;Flavobacteriia;Flavobacteriales;Flavobacteriaceae;Jejudonia;
0.0000	0.0035	0.0000	0.0000	0.0209	0.0077	0.0000	Bacteria;Bacteroidetes;Flavobacteriia;Flavobacteriales;Flavobacteriaceae;Kordia;
0.0000	0.0000	0.0000	0.0000	0.0042	0.0000	0.0000	Bacteria;Bacteroidetes;Flavobacteriia;Flavobacteriales;Flavobacteriaceae;Lacinutrix;
0.0000	0.0000	0.0000	0.0084	0.0000	0.0000	0.0000	Bacteria;Bacteroidetes;Flavobacteriia;Flavobacteriales;Flavobacteriaceae;Lutibacter;
0.0000	0.0000	0.0044	0.0084	0.0000	0.0000	0.0000	Bacteria;Bacteroidetes;Flavobacteriia;Flavobacteriales;Flavobacteriaceae;Lutimonas;
0.0000	0.0000	0.0000	0.0000	0.0042	0.0000	0.0000	Bacteria;Bacteroidetes;Flavobacteriia;Flavobacteriales;Flavobacteriaceae;Mesoflavibacter;
1.5266	0.6561	1.3936	0.0671	2.4945	1.6127	0.0344	Bacteria;Bacteroidetes;Flavobacteriia;Flavobacteriales;Flavobacteriaceae;NS2b marine group;
1.5466	1.5775	1.0099	0.5162	3.7375	0.9921	0.7732	Bacteria;Bacteroidetes;Flavobacteriia;Flavobacteriales;Flavobacteriaceae;NS4 marine group;
3.8624	3.0328	4.4498	7.4027	5.6355	1.5016	3.1270	Bacteria;Bacteroidetes;Flavobacteriia;Flavobacteriales;Flavobacteriaceae;NS5 marine group;
0.0000	0.0000	0.0132	0.0000	0.0209	0.0000	0.0000	Bacteria;Bacteroidetes;Flavobacteriia;Flavobacteriales;Flavobacteriaceae;Olleya;
0.0040	0.0000	0.0000	0.0000	0.0000	0.0000	0.0000	Bacteria;Bacteroidetes;Flavobacteriia;Flavobacteriales;Flavobacteriaceae;Pibocella;
0.0199	0.0000	0.0000	0.0000	0.0000	0.0000	0.0000	Bacteria;Bacteroidetes;Flavobacteriia;Flavobacteriales;Flavobacteriaceae;Polaribacter 2;
0.0040	0.0000	0.0265	0.0000	0.0209	0.0115	0.0401	Bacteria;Bacteroidetes;Flavobacteriia;Flavobacteriales;Flavobacteriaceae;Polaribacter 4;
0.0040	0.0000	0.0000	0.0000	0.0000	0.0000	0.0000	Bacteria;Bacteroidetes;Flavobacteriia;Flavobacteriales;Flavobacteriaceae;Postechiella;
0.0000	0.0070	0.0132	0.0000	0.0584	0.0192	0.0000	Bacteria;Bacteroidetes;Flavobacteriia;Flavobacteriales;Flavobacteriaceae;Pseudofulvibacter;
0.0080	0.0000	0.0000	0.0000	0.0083	0.0000	0.0000	Bacteria;Bacteroidetes;Flavobacteriia;Flavobacteriales;Flavobacteriaceae;Psychroflexus;
0.0000	0.0000	0.0044	0.0000	0.0125	0.0000	0.0000	Bacteria;Bacteroidetes;Flavobacteriia;Flavobacteriales;Flavobacteriaceae;Psychroserpens;
0.0000	0.0000	0.0000	0.0084	0.0000	0.0000	0.0000	Bacteria;Bacteroidetes;Flavobacteriia;Flavobacteriales;Flavobacteriaceae;Robiginitalea;
0.0000	0.0000	0.0044	0.0000	0.0000	0.0000	0.0000	Bacteria;Bacteroidetes;Flavobacteriia;Flavobacteriales;Flavobacteriaceae;Salegentibacter;
0.0000	0.0035	0.0000	0.0000	0.0000	0.0000	0.0000	Bacteria;Bacteroidetes;Flavobacteriia;Flavobacteriales;Flavobacteriaceae;Salinimicrobium;
0.0000	0.0000	0.0044	0.0000	0.0000	0.0000	0.0000	Bacteria;Bacteroidetes;Flavobacteriia;Flavobacteriales;Flavobacteriaceae;Spongiiferula;
0.0000	0.0000	0.0000	0.0000	0.0125	0.0000	0.0000	Bacteria;Bacteroidetes;Flavobacteriia;Flavobacteriales;Flavobacteriaceae;Spongiimonas;
0.1555	0.0314	0.0265	0.0210	0.4130	0.2873	0.0172	Bacteria;Bacteroidetes;Flavobacteriia;Flavobacteriales;Flavobacteriaceae;Tenacibaculum;
0.0080	0.0000	0.0088	0.0042	0.0042	0.0000	0.0057	Bacteria;Bacteroidetes;Flavobacteriia;Flavobacteriales;Flavobacteriaceae;Ulvibacter;
0.0040	0.0000	0.0000	0.0000	0.0000	0.0000	0.0000	Bacteria;Bacteroidetes;Flavobacteriia;Flavobacteriales;Flavobacteriaceae;Wenyingzhuangia;
0.0159	0.0000	0.0088	0.0042	0.0375	0.0038	0.0000	Bacteria;Bacteroidetes;Flavobacteriia;Flavobacteriales;Flavobacteriaceae;Winogradskyella;
0.0877	0.0035	0.0838	0.0252	0.0834	0.0115	0.0172	Bacteria;Bacteroidetes;Flavobacteriia;Flavobacteriales;Flavobacteriaceae;uncultured;
0.2471	0.3874	0.1632	0.1091	0.2962	0.0996	0.0515	Bacteria;Bacteroidetes;Flavobacteriia;Flavobacteriales;NS7 marine group;
2.9656	1.0645	3.8589	0.1679	4.2047	2.1834	1.4432	Bacteria;Bacteroidetes;Flavobacteriia;Flavobacteriales;NS9 marine group;
0.0040	0.0000	0.0000	0.0000	0.0000	0.0000	0.0000	Bacteria;Bacteroidetes;Flavobacteriia;Flavobacteriales;Schleiferiaceae;Schleiferia;
0.0000	0.0000	0.0000	0.0042	0.0000	0.0000	0.0000	Bacteria;Bacteroidetes;SB-5;
0.0000	0.0000	0.0000	0.0000	0.0042	0.0000	0.0000	Bacteria;Bacteroidetes;Sphingobacteriia;Sphingobacteriales;Chitinophagaceae;Ferruginibacter;
0.0000	0.0000	0.0000	0.0000	0.0042	0.0000	0.0000	Bacteria;Bacteroidetes;Sphingobacteriia;Sphingobacteriales;Chitinophagaceae;Parafilimonas;
0.0040	0.0000	0.0044	0.0000	0.0000	0.0000	0.0000	Bacteria;Bacteroidetes;Sphingobacteriia;Sphingobacteriales;Chitinophagaceae;Taibaiella;
0.0000	0.0000	0.0000	0.0000	0.0000	0.0000	0.0057	Bacteria;Bacteroidetes;Sphingobacteriia;Sphingobacteriales;Chitinophagaceae;uncultured;
0.0000	0.0000	0.0000	0.0042	0.0000	0.0000	0.0000	Bacteria;Bacteroidetes;Sphingobacteriia;Sphingobacteriales;KD1-131;
0.0040	0.0000	0.0000	0.0042	0.0000	0.0038	0.0115	Bacteria;Bacteroidetes;Sphingobacteriia;Sphingobacteriales;Lentimicrobiaceae;
0.0000	0.0000	0.0000	0.0042	0.0000	0.0000	0.0000	Bacteria;Bacteroidetes;Sphingobacteriia;Sphingobacteriales;NS11-12 marine group;
0.0000	0.0000	0.0000	0.0126	0.0000	0.0000	0.0000	Bacteria;Bacteroidetes;Sphingobacteriia;Sphingobacteriales;PHOS-HE51;
0.0000	0.0000	0.0044	0.0000	0.0000	0.0000	0.0000	Bacteria;Bacteroidetes;Sphingobacteriia;Sphingobacteriales;S15-21;
0.0000	0.0000	0.0000	0.0042	0.0000	0.0000	0.0000	Bacteria;Bacteroidetes;Sphingobacteriia;Sphingobacteriales;Saprospiraceae;
0.0120	0.0105	0.0088	0.3315	0.0000	0.0192	0.0115	Bacteria;Bacteroidetes;Sphingobacteriia;Sphingobacteriales;Saprospiraceae;Aureispira;
0.0239	0.0000	0.0088	0.0378	0.0167	0.0268	0.0000	Bacteria;Bacteroidetes;Sphingobacteriia;Sphingobacteriales;Saprospiraceae;Lewinella;
0.0000	0.0000	0.0044	0.0252	0.0042	0.0000	0.0000	Bacteria;Bacteroidetes;Sphingobacteriia;Sphingobacteriales;Saprospiraceae;Phaeodactylibacter;
0.0000	0.0000	0.0088	0.0210	0.0000	0.0000	0.0000	Bacteria;Bacteroidetes;Sphingobacteriia;Sphingobacteriales;Saprospiraceae;Portibacter;
0.0040	0.0000	0.0044	0.0000	0.0125	0.0000	0.0000	Bacteria;Bacteroidetes;Sphingobacteriia;Sphingobacteriales;Saprospiraceae;Rubidimonas;
0.0159	0.0000	0.0000	0.0042	0.0000	0.0000	0.0000	Bacteria;Bacteroidetes;Sphingobacteriia;Sphingobacteriales;Saprospiraceae;Saprospira;
0.1873	0.0384	0.1103	0.2770	0.3629	0.3064	0.0172	Bacteria;Bacteroidetes;Sphingobacteriia;Sphingobacteriales;Saprospiraceae;uncultured;
0.0080	0.0000	0.0132	0.1343	0.0000	0.0038	0.0000	Bacteria;Bacteroidetes;Sphingobacteriia;Sphingobacteriales;uncultured;
0.0000	0.0000	0.0088	0.0000	0.0000	0.0000	0.0000	Bacteria;Bacteroidetes;WCHB1-32;
0.0040	0.0000	0.0000	0.0084	0.0000	0.0038	0.0000	Bacteria;Chlamydiae;Chlamydiae;Chlamydiales;Chlamydiaceae;uncultured;
0.0000	0.0000	0.0000	0.0042	0.0000	0.0000	0.0000	Bacteria;Chlamydiae;Chlamydiae;Chlamydiales;Chlamydiales Incertae Sedis;
0.0000	0.0000	0.0000	0.0042	0.0000	0.0000	0.0000	Bacteria;Chlamydiae;Chlamydiae;Chlamydiales;Parachlamydiaceae;
0.0000	0.0000	0.0000	0.0000	0.0000	0.0000	0.0344	Bacteria;Chlamydiae;Chlamydiae;Chlamydiales;Parachlamydiaceae;Candidatus Mesochlamydia;
0.0000	0.0000	0.0000	0.0042	0.0000	0.0000	0.0000	Bacteria;Chlamydiae;Chlamydiae;Chlamydiales;Parachlamydiaceae;Candidatus Protochlamydia;
0.0120	0.0000	0.0000	0.0042	0.0000	0.0000	0.0000	Bacteria;Chlamydiae;Chlamydiae;Chlamydiales;Parachlamydiaceae;Neochlamydia;
0.0000	0.0000	0.0000	0.0042	0.0000	0.0000	0.0000	Bacteria;Chlamydiae;Chlamydiae;Chlamydiales;Parachlamydiaceae;Parachlamydia;
0.0040	0.0000	0.0000	0.0042	0.0000	0.0000	0.0000	Bacteria;Chlamydiae;Chlamydiae;Chlamydiales;Simkaniaceae;
0.0000	0.0000	0.0044	0.0126	0.0083	0.0077	0.0057	Bacteria;Chlamydiae;Chlamydiae;Chlamydiales;Simkaniaceae;Candidatus Fritschea;
0.0000	0.0000	0.0000	0.0084	0.0000	0.0038	0.0000	Bacteria;Chlamydiae;Chlamydiae;Chlamydiales;Simkaniaceae;Simkania;
0.0120	0.0035	0.0044	0.0042	0.0000	0.0000	0.0057	Bacteria;Chlamydiae;Chlamydiae;Chlamydiales;Simkaniaceae;uncultured;
0.0000	0.0489	0.0044	0.0839	0.0083	0.0230	0.0000	Bacteria;Chlorobi;Chlorobia;Chlorobiales;Chlorobiaceae;Chlorobium;
0.0000	0.0000	0.0000	0.0084	0.0000	0.0000	0.0000	Bacteria;Chlorobi;Chlorobia;Chlorobiales;OC31;
0.0000	0.0000	0.0000	0.0042	0.0000	0.0000	0.0000	Bacteria;Chloroflexi;Anaerolineae;Anaerolineales;Anaerolineaceae;Ornatilinea;
0.0080	0.0000	0.0044	0.1385	0.0000	0.0000	0.0000	Bacteria;Chloroflexi;Anaerolineae;Anaerolineales;Anaerolineaceae;uncultured;
0.0040	0.0000	0.0000	0.0126	0.0000	0.0000	0.0000	Bacteria;Chloroflexi;Ardenticatenia;uncultured;
0.0000	0.0000	0.0000	0.0084	0.0000	0.0000	0.0000	Bacteria;Chloroflexi;Caldilineae;Caldilineales;Caldilineaceae;uncultured;
0.0478	0.0000	0.0529	0.0378	0.0000	0.0077	0.2978	Bacteria;Chloroflexi;JG30-KF-CM66;
0.7135	0.9144	0.4190	0.1553	0.1168	0.2835	1.7983	Bacteria;Chloroflexi;SAR202 clade;
0.0000	0.0000	0.0000	0.0042	0.0000	0.0000	0.0000	Bacteria;Chloroflexi;TK10;
6.4573	4.6557	14.4564	5.2247	7.1956	16.5977	7.7372	Bacteria;Cyanobacteria;Chloroplast;
0.0040	0.0035	0.0000	0.0042	0.0000	0.0038	0.0000	Bacteria;Cyanobacteria;Cyanobacteria;SubsectionI;FamilyI;
0.0000	0.0000	0.0000	0.0042	0.0000	0.0000	0.0000	Bacteria;Cyanobacteria;Cyanobacteria;SubsectionI;FamilyI;Cyanobacterium;
2.0966	7.8107	0.6307	1.5108	1.5517	6.0752	1.1168	Bacteria;Cyanobacteria;Cyanobacteria;SubsectionI;FamilyI;Prochlorococcus;
6.5928	11.9743	7.0077	16.4883	13.1898	9.2086	4.7993	Bacteria;Cyanobacteria;Cyanobacteria;SubsectionI;FamilyI;Synechococcus;
0.0040	0.0000	0.0000	0.0000	0.0000	0.0000	0.0000	Bacteria;Cyanobacteria;Cyanobacteria;SubsectionIII;FamilyI;Leptolyngbya;
0.0040	0.1780	0.0000	0.0546	0.0000	0.0000	0.0000	Bacteria;Cyanobacteria;Cyanobacteria;SubsectionIII;FamilyI;Oscillatoria;
0.0000	0.0000	0.0044	0.0000	0.0000	0.0000	0.0000	Bacteria;Cyanobacteria;Cyanobacteria;SubsectionIII;FamilyI;Phormidium;
0.0000	0.0000	0.0000	0.0042	0.0042	0.0000	0.0000	Bacteria;Cyanobacteria;Cyanobacteria;SubsectionIII;FamilyI;Planktothricoides;
0.0040	0.3630	0.0000	0.0042	0.0042	0.0000	0.0057	Bacteria;Cyanobacteria;Cyanobacteria;SubsectionIII;FamilyI;Trichodesmium;
0.0040	0.0070	0.0000	0.0042	0.0000	0.0000	0.0000	Bacteria;Cyanobacteria;Cyanobacteria;SubsectionIV;FamilyII;Calothrix;
0.0478	0.0524	0.0441	0.1385	0.0042	0.0077	0.1203	Bacteria;Cyanobacteria;ML635J-21;
0.0000	0.0035	0.0000	0.0042	0.0000	0.0000	0.0000	Bacteria;Cyanobacteria;Melainabacteria;Caenarcaniphilales;
0.0040	0.0000	0.0000	0.0042	0.0042	0.0000	0.0000	Bacteria;Cyanobacteria;Melainabacteria;Obscuribacterales;
0.0000	0.0000	0.0044	0.0000	0.0000	0.0000	0.0000	Bacteria;Cyanobacteria;Melainabacteria;Vampirovibrionales;
0.0000	0.0000	0.0000	0.0504	0.0000	0.0000	0.0000	Bacteria;Deferribacteres;Deferribacteres Incertae Sedis;Unknown Order;Unknown Family;Caldithrix;
0.0000	0.0000	0.0000	0.0000	0.0083	0.0000	0.0000	Bacteria;Deinococcus-Thermus;Deinococci;Deinococcales;Deinococcaceae;Deinococcus;
0.0040	0.0000	0.0000	0.0210	0.0000	0.0000	0.0000	Bacteria;Deinococcus-Thermus;Deinococci;Deinococcales;Trueperaceae;Truepera;
0.0000	0.0000	0.0000	0.0042	0.0000	0.0000	0.0000	Bacteria;Deinococcus-Thermus;Deinococci;KD3-62;
0.0000	0.0000	0.0000	0.0042	0.0000	0.0000	0.0000	Bacteria;Elusimicrobia;Elusimicrobia;4-29;
0.0000	0.0035	0.0000	0.0084	0.0000	0.0000	0.0000	Bacteria;Elusimicrobia;Elusimicrobia;Lineage IIb;
0.0000	0.0000	0.0000	0.0042	0.0000	0.0000	0.0000	Bacteria;Elusimicrobia;Elusimicrobia;Lineage IV;
0.0000	0.0000	0.0000	0.0042	0.0000	0.0000	0.0000	Bacteria;Elusimicrobia;Elusimicrobia;MD2894-B20;
0.0000	0.0000	0.0044	0.0000	0.0000	0.0000	0.0000	Bacteria;Elusimicrobia;Elusimicrobia;MVP-88;
0.0000	0.0000	0.0000	0.0042	0.0000	0.0000	0.0000	Bacteria;FCPU426;
0.0000	0.0000	0.0000	0.0042	0.0000	0.0000	0.0000	Bacteria;Fibrobacteres;Chitinivibrionia;possible order 07;
0.0000	0.0000	0.0044	0.0126	0.0125	0.0115	0.0000	Bacteria;Fibrobacteres;Fibrobacteria;Fibrobacterales;Fibrobacteraceae;uncultured;
0.0000	0.0000	0.0000	0.0000	0.0000	0.0038	0.0000	Bacteria;Firmicutes;Bacilli;Bacillales;Bacillaceae;
0.0080	0.0070	0.0000	0.0000	0.0000	0.0000	0.0000	Bacteria;Firmicutes;Bacilli;Bacillales;Bacillaceae;Bacillus;
0.0000	0.0000	0.0088	0.0000	0.0000	0.0000	0.0000	Bacteria;Firmicutes;Bacilli;Bacillales;Bacillaceae;Oceanobacillus;
0.0000	0.0000	0.0044	0.0000	0.0000	0.0000	0.0000	Bacteria;Firmicutes;Bacilli;Bacillales;Planococcaceae;Chungangia;
0.0040	0.0035	0.0000	0.0000	0.0042	0.0000	0.0000	Bacteria;Firmicutes;Bacilli;Bacillales;Staphylococcaceae;Staphylococcus;
0.0040	0.0035	0.0000	0.0000	0.0000	0.0000	0.0000	Bacteria;Firmicutes;Bacilli;Lactobacillales;Carnobacteriaceae;Carnobacterium;
0.0000	0.0000	0.0000	0.0000	0.0000	0.0038	0.0000	Bacteria;Firmicutes;Bacilli;Lactobacillales;Leuconostocaceae;Leuconostoc;
0.0000	0.0000	0.0000	0.0000	0.0042	0.0000	0.0000	Bacteria;Firmicutes;Bacilli;Lactobacillales;Streptococcaceae;Lactococcus;
0.0080	0.0035	0.0044	0.0000	0.0042	0.0000	0.0000	Bacteria;Firmicutes;Bacilli;Lactobacillales;Streptococcaceae;Streptococcus;
0.0000	0.0000	0.0000	0.0000	0.0042	0.0000	0.0000	Bacteria;Firmicutes;Clostridia;Clostridiales;Clostridiaceae 1;Clostridium sensu stricto 1;
0.0040	0.0000	0.0000	0.0000	0.0000	0.0000	0.0000	Bacteria;Firmicutes;Clostridia;Clostridiales;Clostridiales vadinBB60 group;
0.0000	0.0000	0.0000	0.0042	0.0000	0.0038	0.0000	Bacteria;Firmicutes;Clostridia;Clostridiales;Peptococcaceae;uncultured;
0.0040	0.0000	0.0000	0.0042	0.0000	0.0000	0.0000	Bacteria;Firmicutes;Clostridia;Clostridiales;Peptostreptococcaceae;Intestinibacter;
0.0040	0.0070	0.0044	0.0210	0.0000	0.0000	0.0000	Bacteria;Firmicutes;Clostridia;Halanaerobiales;ODP1230B8.23;
0.0040	0.0000	0.0000	0.0000	0.0000	0.0000	0.0000	Bacteria;Firmicutes;Erysipelotrichia;Erysipelotrichales;Erysipelotrichaceae;Erysipelatoclostridium;
0.0040	0.0000	0.0000	0.0000	0.0000	0.0000	0.0000	Bacteria;Firmicutes;Negativicutes;Selenomonadales;Veillonellaceae;Veillonella;
0.0080	0.0000	0.0044	0.0126	0.0000	0.0000	0.0000	Bacteria;Fusobacteria;Fusobacteriia;Fusobacteriales;Fusobacteriaceae;Propionigenium;
0.0000	0.0000	0.0000	0.0042	0.0000	0.0000	0.0000	Bacteria;Gemmatimonadetes;AKAU4049;
0.1355	0.0035	0.0926	0.3651	0.0125	0.0038	0.8075	Bacteria;Gemmatimonadetes;BD2-11 terrestrial group;
0.0000	0.0000	0.0000	0.0084	0.0000	0.0000	0.0000	Bacteria;Gemmatimonadetes;Gemmatimonadetes;Gemmatimonadales;Gemmatimonadaceae;uncultured;
0.0040	0.0000	0.0000	0.0671	0.0000	0.0000	0.0000	Bacteria;Gemmatimonadetes;PAUC43f marine benthic group;
0.0000	0.0035	0.0000	0.0671	0.0042	0.0000	0.0000	Bacteria;Gracilibacteria;
0.0000	0.0000	0.0000	0.0546	0.0000	0.0000	0.0057	Bacteria;Hydrogenedentes;
0.0000	0.0000	0.0000	0.0042	0.0000	0.0000	0.0000	Bacteria;Ignavibacteriae;Ignavibacteria;Ignavibacteriales;BSV26;
0.0000	0.0000	0.0000	0.0084	0.0000	0.0000	0.0000	Bacteria;Ignavibacteriae;Ignavibacteria;Ignavibacteriales;IheB3-7;
0.0080	0.0000	0.0000	0.0713	0.0000	0.0000	0.0000	Bacteria;Latescibacteria;
0.0000	0.0000	0.0000	0.0084	0.0000	0.0000	0.0000	Bacteria;Latescibacteria;Latescibacteria Incertae Sedis;Unknown Order;Unknown Family;Candidatus Latescibacter;
0.0199	0.0175	0.0176	0.0629	0.0167	0.0881	0.0000	Bacteria;Lentisphaerae;Lentisphaeria;Lentisphaerales;Lentisphaeraceae;Lentisphaera;
0.0000	0.0000	0.0000	0.0168	0.0000	0.0000	0.0000	Bacteria;Lentisphaerae;Lentisphaeria;Victivallales;Arctic95B-14;
0.0000	0.0000	0.0000	0.0042	0.0000	0.0000	0.0000	Bacteria;Lentisphaerae;Lentisphaeria;Victivallales;PRD18C08;
0.0000	0.0000	0.0000	0.0420	0.0000	0.0000	0.0000	Bacteria;Lentisphaerae;Lentisphaeria;Victivallales;Victivallaceae;
0.0000	0.0000	0.0176	0.1469	0.0042	0.0038	0.0000	Bacteria;Lentisphaerae;Oligosphaeria;SS1-B-02-17;
6.1703	4.7081	6.6064	5.3926	3.6249	3.3977	6.2826	Bacteria;Marinimicrobia (SAR406 clade);
0.0000	0.0000	0.0000	0.0084	0.0000	0.0000	0.0000	Bacteria;Microgenomates;Candidatus Woesebacteria;
0.0000	0.0000	0.0000	0.0084	0.0000	0.0000	0.0000	Bacteria;Nitrospinae;Belgica2005-10-ZG-3;
0.0080	0.0000	0.0000	0.0000	0.0000	0.0000	0.0172	Bacteria;Nitrospinae;MD2898-B26;
0.0000	0.0000	0.0044	0.0042	0.0000	0.0000	0.0172	Bacteria;Nitrospinae;Nitrospinia;Nitrospinales;Nitrospinaceae;Nitrospina;
0.0000	0.0000	0.0176	0.0000	0.0000	0.0000	0.3551	Bacteria;Nitrospinae;Nitrospinia;Nitrospinales;Nitrospinaceae;uncultured;
0.0080	0.0000	0.0000	0.0000	0.0000	0.0038	0.0000	Bacteria;Nitrospirae;Nitrospira;Nitrospirales;Nitrospiraceae;Leptospirillum;
0.0040	0.0000	0.0000	0.0420	0.0000	0.0000	0.0000	Bacteria;Nitrospirae;Nitrospira;Nitrospirales;Nitrospiraceae;Nitrospira;
0.0000	0.0000	0.0000	0.0671	0.0000	0.0000	0.0000	Bacteria;Nitrospirae;Nitrospira;Nitrospirales;Nitrospiraceae;uncultured;
0.0040	0.0000	0.0000	0.0252	0.0000	0.0000	0.0000	Bacteria;Omnitrophica;
0.0040	0.0000	0.0088	0.0126	0.0000	0.0000	0.0115	Bacteria;Omnitrophica;Omnitrophica Incertae Sedis;Unknown Order;Unknown Family;Candidatus Omnitrophus;
0.0438	0.0035	0.0309	0.0210	0.0042	0.0038	0.0974	Bacteria;PAUC34f;
0.0000	0.0035	0.0000	0.0084	0.0083	0.0000	0.0057	Bacteria;Parcubacteria;
0.0000	0.0000	0.0044	0.0042	0.0000	0.0000	0.0000	Bacteria;Parcubacteria;Candidatus Campbellbacteria;
0.0000	0.0000	0.0000	0.0084	0.0000	0.0000	0.0000	Bacteria;Parcubacteria;Candidatus Magasanikbacteria;
0.0000	0.0000	0.0000	0.0042	0.0000	0.0000	0.0000	Bacteria;Parcubacteria;Candidatus Nomurabacteria;
0.0000	0.0000	0.0000	0.0084	0.0000	0.0000	0.0000	Bacteria;Peregrinibacteria;
0.0120	0.0000	0.0044	0.0671	0.0042	0.0230	0.0000	Bacteria;Planctomycetes;BD7-11;
0.1315	0.0175	0.3219	0.3063	0.0083	0.0038	0.0573	Bacteria;Planctomycetes;OM190;
0.0000	0.0000	0.0000	0.0042	0.0000	0.0000	0.0000	Bacteria;Planctomycetes;Phycisphaerae;B103G10;
0.0000	0.0000	0.0000	0.0084	0.0000	0.0000	0.0000	Bacteria;Planctomycetes;Phycisphaerae;C86;
0.0000	0.0000	0.0000	0.0252	0.0000	0.0000	0.0000	Bacteria;Planctomycetes;Phycisphaerae;CCM11a;
0.0000	0.0000	0.0000	0.0168	0.0000	0.0000	0.0000	Bacteria;Planctomycetes;Phycisphaerae;MSB-3A7 sediment group;
0.0000	0.0000	0.0000	0.0378	0.0000	0.0000	0.0000	Bacteria;Planctomycetes;Phycisphaerae;MSBL9;
0.2910	0.0419	0.3043	0.0000	0.0667	0.0077	0.0401	Bacteria;Planctomycetes;Phycisphaerae;Phycisphaerales;Phycisphaeraceae;CL500-3;
0.1196	0.0175	0.0706	0.0000	0.0375	0.0153	0.0687	Bacteria;Planctomycetes;Phycisphaerae;Phycisphaerales;Phycisphaeraceae;FS140-16B-02 marine group;
0.0000	0.0000	0.0000	0.0084	0.0000	0.0000	0.0000	Bacteria;Planctomycetes;Phycisphaerae;Phycisphaerales;Phycisphaeraceae;I-8;
0.0239	0.0000	0.0044	0.0000	0.0000	0.0000	0.0286	Bacteria;Planctomycetes;Phycisphaerae;Phycisphaerales;Phycisphaeraceae;JL-ETNP-F27;
0.0040	0.0000	0.0000	0.0252	0.0000	0.0000	0.0057	Bacteria;Planctomycetes;Phycisphaerae;Phycisphaerales;Phycisphaeraceae;SM1A02;
0.3189	0.0489	0.0706	0.0462	0.0459	0.0498	0.0000	Bacteria;Planctomycetes;Phycisphaerae;Phycisphaerales;Phycisphaeraceae;Urania-1B-19 marine sediment group;
0.0000	0.0000	0.0000	0.0084	0.0000	0.0000	0.0000	Bacteria;Planctomycetes;Phycisphaerae;Phycisphaerales;Phycisphaeraceae;uncultured;
0.0000	0.0000	0.0000	0.0042	0.0000	0.0000	0.0000	Bacteria;Planctomycetes;Phycisphaerae;Pla1 lineage;
0.0040	0.0105	0.0044	0.1301	0.0000	0.0000	0.0172	Bacteria;Planctomycetes;Pla3 lineage;
0.0080	0.0000	0.0000	0.0504	0.0000	0.0000	0.0057	Bacteria;Planctomycetes;Pla4 lineage;
0.0000	0.0000	0.0044	0.0084	0.0000	0.0000	0.0000	Bacteria;Planctomycetes;Planctomycetacia;Brocadiales;Brocadiaceae;Candidatus Scalindua;
0.0000	0.0000	0.0000	0.0042	0.0000	0.0000	0.0000	Bacteria;Planctomycetes;Planctomycetacia;Planctomycetales;Planctomycetaceae;
0.0159	0.0035	0.0265	0.0797	0.0083	0.0000	0.0000	Bacteria;Planctomycetes;Planctomycetacia;Planctomycetales;Planctomycetaceae;Blastopirellula;
0.0040	0.0000	0.0000	0.0336	0.0000	0.0000	0.0000	Bacteria;Planctomycetes;Planctomycetacia;Planctomycetales;Planctomycetaceae;Pirellula;
0.1036	0.0035	0.0044	0.0546	0.0000	0.0000	0.0344	Bacteria;Planctomycetes;Planctomycetacia;Planctomycetales;Planctomycetaceae;Planctomyces;
0.0359	0.0035	0.0088	0.1595	0.0083	0.0077	0.1260	Bacteria;Planctomycetes;Planctomycetacia;Planctomycetales;Planctomycetaceae;Rhodopirellula;
0.0199	0.0244	0.0221	0.1846	0.0083	0.0000	0.0000	Bacteria;Planctomycetes;Planctomycetacia;Planctomycetales;Planctomycetaceae;Rubripirellula;
0.0239	0.0070	0.0044	0.0336	0.0042	0.0000	0.0057	Bacteria;Planctomycetes;Planctomycetacia;Planctomycetales;Planctomycetaceae;uncultured;
0.0000	0.0000	0.0000	0.0294	0.0000	0.0115	0.0000	Bacteria;Planctomycetes;vadinHA49;
0.0199	0.0000	0.0044	0.0000	0.0000	0.0000	0.0057	Bacteria;Poribacteria;
0.0000	0.0000	0.0000	0.0042	0.0000	0.0000	0.0000	Bacteria;Proteobacteria;
0.0279	0.0000	0.0176	0.0042	0.0167	0.0077	0.1031	Bacteria;Proteobacteria;AEGEAN-245;
0.0239	0.0000	0.0176	0.0210	0.0250	0.0192	0.0458	Bacteria;Proteobacteria;ARKICE-90;
0.0000	0.0000	0.0000	0.0000	0.0000	0.0000	0.0115	Bacteria;Proteobacteria;Alphaproteobacteria;4-Org1-14;
0.0000	0.0000	0.0000	0.0084	0.0000	0.0000	0.0000	Bacteria;Proteobacteria;Alphaproteobacteria;Alphaproteobacteria Incertae Sedis;Unknown Family;Eilatimonas;
0.0199	0.0000	0.0000	0.0210	0.0000	0.0000	0.0229	Bacteria;Proteobacteria;Alphaproteobacteria;Alphaproteobacteria Incertae Sedis;Unknown Family;uncultured;
0.0000	0.0000	0.0044	0.0000	0.0083	0.0000	0.0057	Bacteria;Proteobacteria;Alphaproteobacteria;Alphaproteobacteria Incertae Sedis;uncultured;
0.0080	0.0000	0.0176	0.0000	0.0042	0.0115	0.0000	Bacteria;Proteobacteria;Alphaproteobacteria;Caulobacterales;Caulobacteraceae;Brevundimonas;
0.0000	0.0035	0.0044	0.0000	0.0000	0.0038	0.0000	Bacteria;Proteobacteria;Alphaproteobacteria;Caulobacterales;Caulobacteraceae;Caulobacter;
0.0000	0.0000	0.0000	0.0000	0.0083	0.3639	0.0057	Bacteria;Proteobacteria;Alphaproteobacteria;Caulobacterales;Caulobacteraceae;Phenylobacterium;
0.0000	0.0000	0.0000	0.0042	0.0000	0.0115	0.0000	Bacteria;Proteobacteria;Alphaproteobacteria;Caulobacterales;Caulobacteraceae;uncultured;
0.0080	0.0000	0.0000	0.0000	0.0000	0.0000	0.0000	Bacteria;Proteobacteria;Alphaproteobacteria;Caulobacterales;Hyphomonadaceae;
0.0000	0.0000	0.0000	0.0000	0.0000	0.0000	0.0057	Bacteria;Proteobacteria;Alphaproteobacteria;Caulobacterales;Hyphomonadaceae;Glycocaulis;
0.0040	0.0000	0.0000	0.0000	0.0000	0.0000	0.0229	Bacteria;Proteobacteria;Alphaproteobacteria;Caulobacterales;Hyphomonadaceae;Henriciella;
0.0000	0.0000	0.0000	0.0000	0.0042	0.0000	0.0115	Bacteria;Proteobacteria;Alphaproteobacteria;Caulobacterales;Hyphomonadaceae;Hirschia;
0.0000	0.0000	0.0000	0.0000	0.0000	0.0000	0.0344	Bacteria;Proteobacteria;Alphaproteobacteria;Caulobacterales;Hyphomonadaceae;Hyphomonas;
0.0120	0.0000	0.0044	0.0000	0.0000	0.0000	0.0115	Bacteria;Proteobacteria;Alphaproteobacteria;Caulobacterales;Hyphomonadaceae;Litorimonas;
0.0040	0.0000	0.0000	0.0042	0.0167	0.0306	0.0000	Bacteria;Proteobacteria;Alphaproteobacteria;Caulobacterales;Hyphomonadaceae;Maricaulis;
0.0000	0.0035	0.0000	0.0000	0.0000	0.0115	0.0172	Bacteria;Proteobacteria;Alphaproteobacteria;Caulobacterales;Hyphomonadaceae;Oceanicaulis;
0.0159	0.0000	0.0000	0.0000	0.0125	0.0038	0.0172	Bacteria;Proteobacteria;Alphaproteobacteria;Caulobacterales;Hyphomonadaceae;uncultured;
0.0000	0.0035	0.0000	0.0084	0.0000	0.0000	0.0000	Bacteria;Proteobacteria;Alphaproteobacteria;Kordiimonadales;Kordiimonadaceae;Kordiimonas;
0.0000	0.0000	0.0044	0.0042	0.0000	0.0000	0.0000	Bacteria;Proteobacteria;Alphaproteobacteria;Parvularculales;Parvularculaceae;
0.0000	0.0000	0.0000	0.0042	0.0000	0.0000	0.0000	Bacteria;Proteobacteria;Alphaproteobacteria;Parvularculales;Parvularculaceae;Amphiplicatus;
0.0000	0.0070	0.0000	0.0000	0.0000	0.0000	0.0000	Bacteria;Proteobacteria;Alphaproteobacteria;Parvularculales;Parvularculaceae;Parvularcula;
0.0040	0.0000	0.0000	0.0000	0.0000	0.0000	0.0000	Bacteria;Proteobacteria;Alphaproteobacteria;Rhizobiales;Aurantimonadaceae;Aureimonas;
0.0000	0.0000	0.0000	0.0000	0.0000	0.0000	0.0057	Bacteria;Proteobacteria;Alphaproteobacteria;Rhizobiales;Beijerinckiaceae;uncultured;
0.0000	0.0000	0.0000	0.0000	0.0000	0.0038	0.0000	Bacteria;Proteobacteria;Alphaproteobacteria;Rhizobiales;Bradyrhizobiaceae;Afipia;
0.0837	0.0035	0.0176	0.0168	0.0709	0.0306	0.0172	Bacteria;Proteobacteria;Alphaproteobacteria;Rhizobiales;Bradyrhizobiaceae;Bradyrhizobium;
0.0000	0.0000	0.0000	0.0000	0.0000	0.0038	0.0000	Bacteria;Proteobacteria;Alphaproteobacteria;Rhizobiales;Bradyrhizobiaceae;Nitrobacter;
0.0000	0.0000	0.0000	0.0000	0.0042	0.0000	0.0000	Bacteria;Proteobacteria;Alphaproteobacteria;Rhizobiales;Brucellaceae;Ochrobactrum;
0.0000	0.0000	0.0000	0.0000	0.0000	0.0000	0.0057	Bacteria;Proteobacteria;Alphaproteobacteria;Rhizobiales;Hyphomicrobiaceae;Devosia;
0.0000	0.0000	0.0000	0.0420	0.0000	0.0000	0.0000	Bacteria;Proteobacteria;Alphaproteobacteria;Rhizobiales;Hyphomicrobiaceae;Filomicrobium;
0.0000	0.0000	0.0000	0.0000	0.0000	0.0000	0.0229	Bacteria;Proteobacteria;Alphaproteobacteria;Rhizobiales;Hyphomicrobiaceae;Pelagibacterium;
0.0000	0.0000	0.0000	0.0084	0.0000	0.0000	0.0000	Bacteria;Proteobacteria;Alphaproteobacteria;Rhizobiales;KF-JG30-B3;
0.0000	0.0035	0.0000	0.0000	0.0125	0.0000	0.0000	Bacteria;Proteobacteria;Alphaproteobacteria;Rhizobiales;Methylobacteriaceae;Methylobacterium;
0.1276	0.0907	0.0794	0.1301	0.0125	0.0421	0.4639	Bacteria;Proteobacteria;Alphaproteobacteria;Rhizobiales;OCS116 clade;
1.3353	1.0784	2.2051	0.2434	1.5726	1.3522	2.7433	Bacteria;Proteobacteria;Alphaproteobacteria;Rhizobiales;PS1 clade;
0.0000	0.0000	0.0000	0.0000	0.0083	0.0000	0.0000	Bacteria;Proteobacteria;Alphaproteobacteria;Rhizobiales;Phyllobacteriaceae;Ahrensia;
0.0000	0.0035	0.0000	0.0042	0.0042	0.0000	0.0115	Bacteria;Proteobacteria;Alphaproteobacteria;Rhizobiales;Phyllobacteriaceae;Mesorhizobium;
0.0000	0.0035	0.0000	0.0000	0.0000	0.0000	0.0000	Bacteria;Proteobacteria;Alphaproteobacteria;Rhizobiales;Phyllobacteriaceae;Oricola;
0.0040	0.0000	0.0000	0.0000	0.0000	0.0000	0.0000	Bacteria;Proteobacteria;Alphaproteobacteria;Rhizobiales;Phyllobacteriaceae;Phyllobacterium;
0.0000	0.0000	0.0088	0.0084	0.0042	0.0038	0.0000	Bacteria;Proteobacteria;Alphaproteobacteria;Rhizobiales;Phyllobacteriaceae;Pseudahrensia;
0.0199	0.0035	0.0088	0.0252	0.0042	0.0000	0.0000	Bacteria;Proteobacteria;Alphaproteobacteria;Rhizobiales;Phyllobacteriaceae;uncultured;
0.0000	0.0000	0.0000	0.0000	0.0000	0.0038	0.0000	Bacteria;Proteobacteria;Alphaproteobacteria;Rhizobiales;Rhizobiaceae;Rhizobium;
0.0040	0.0000	0.0000	0.0000	0.0000	0.0000	0.0000	Bacteria;Proteobacteria;Alphaproteobacteria;Rhizobiales;Rhizobiaceae;Shinella;
0.0000	0.0000	0.0000	0.0126	0.0000	0.0000	0.0000	Bacteria;Proteobacteria;Alphaproteobacteria;Rhizobiales;Rhodobiaceae;Afifella;
0.0000	0.0000	0.0000	0.0252	0.0000	0.0000	0.0057	Bacteria;Proteobacteria;Alphaproteobacteria;Rhizobiales;Rhodobiaceae;Anderseniella;
0.0000	0.0000	0.0000	0.0126	0.0000	0.0000	0.0000	Bacteria;Proteobacteria;Alphaproteobacteria;Rhizobiales;Rhodobiaceae;Methyloceanibacter;
0.0000	0.0000	0.0000	0.0000	0.0000	0.0038	0.0000	Bacteria;Proteobacteria;Alphaproteobacteria;Rhizobiales;Rhodobiaceae;Methyloligella;
0.0000	0.0140	0.0000	0.1427	0.0000	0.0038	0.0000	Bacteria;Proteobacteria;Alphaproteobacteria;Rhizobiales;Rhodobiaceae;Rhodobium;
0.0040	0.0000	0.0000	0.0252	0.0000	0.0000	0.0057	Bacteria;Proteobacteria;Alphaproteobacteria;Rhizobiales;Rhodobiaceae;uncultured;
0.0000	0.0000	0.0044	0.0336	0.0000	0.0000	0.0057	Bacteria;Proteobacteria;Alphaproteobacteria;Rhizobiales;uncultured;
0.0000	0.0000	0.0088	0.0000	0.0000	0.0000	0.0000	Bacteria;Proteobacteria;Alphaproteobacteria;Rhodobacterales;Rhodobacteraceae;
0.0000	0.0000	0.0044	0.0126	0.0083	0.0000	0.0229	Bacteria;Proteobacteria;Alphaproteobacteria;Rhodobacterales;Rhodobacteraceae;Actibacterium;
0.0000	0.0000	0.0000	0.0000	0.0000	0.0000	0.0458	Bacteria;Proteobacteria;Alphaproteobacteria;Rhodobacterales;Rhodobacteraceae;Albimonas;
0.0000	0.0000	0.0000	0.0000	0.0042	0.0000	0.0057	Bacteria;Proteobacteria;Alphaproteobacteria;Rhodobacterales;Rhodobacteraceae;Amylibacter;
0.0000	0.0070	0.1014	0.0000	0.0000	0.0000	0.1145	Bacteria;Proteobacteria;Alphaproteobacteria;Rhodobacterales;Rhodobacteraceae;Ascidiaceihabitans;
0.0199	0.0000	0.0000	0.0000	0.0000	0.0000	0.0000	Bacteria;Proteobacteria;Alphaproteobacteria;Rhodobacterales;Rhodobacteraceae;Celeribacter;
0.0040	0.2373	0.0000	0.4071	0.0209	0.0000	0.0000	Bacteria;Proteobacteria;Alphaproteobacteria;Rhodobacterales;Rhodobacteraceae;Cribrihabitans;
0.0040	0.0035	0.0000	0.0000	0.0000	0.0000	0.0000	Bacteria;Proteobacteria;Alphaproteobacteria;Rhodobacterales;Rhodobacteraceae;Defluviimonas;
0.0000	0.0000	0.0000	0.0000	0.0000	0.0000	0.0057	Bacteria;Proteobacteria;Alphaproteobacteria;Rhodobacterales;Rhodobacteraceae;Dinoroseobacter;
0.0000	0.0000	0.0088	0.0000	0.0542	0.0000	0.0057	Bacteria;Proteobacteria;Alphaproteobacteria;Rhodobacterales;Rhodobacteraceae;Donghicola;
0.0040	0.0000	0.0000	0.0000	0.0083	0.0000	0.0000	Bacteria;Proteobacteria;Alphaproteobacteria;Rhodobacterales;Rhodobacteraceae;Epibacterium;
0.0080	0.0000	0.0000	0.0000	0.0000	0.0000	0.0000	Bacteria;Proteobacteria;Alphaproteobacteria;Rhodobacterales;Rhodobacteraceae;Falsirhodobacter;
0.0000	0.0000	0.0000	0.0000	0.0000	0.0038	0.0000	Bacteria;Proteobacteria;Alphaproteobacteria;Rhodobacterales;Rhodobacteraceae;Gemmobacter;
0.0000	0.0035	0.0000	0.0000	0.0000	0.0038	0.0057	Bacteria;Proteobacteria;Alphaproteobacteria;Rhodobacterales;Rhodobacteraceae;Halocynthiibacter;
0.0000	0.0000	0.0000	0.0042	0.0000	0.0000	0.0000	Bacteria;Proteobacteria;Alphaproteobacteria;Rhodobacterales;Rhodobacteraceae;Hwanghaeicola;
0.0040	0.0000	0.0265	0.0000	0.0167	0.0077	0.0401	Bacteria;Proteobacteria;Alphaproteobacteria;Rhodobacterales;Rhodobacteraceae;Jannaschia;
0.0000	0.0000	0.0000	0.0084	0.0000	0.0000	0.0000	Bacteria;Proteobacteria;Alphaproteobacteria;Rhodobacterales;Rhodobacteraceae;Jhaorihella;
0.0040	0.0000	0.0000	0.0000	0.0000	0.0000	0.0057	Bacteria;Proteobacteria;Alphaproteobacteria;Rhodobacterales;Rhodobacteraceae;Labrenzia;
0.0000	0.0000	0.0000	0.0042	0.0000	0.0000	0.0000	Bacteria;Proteobacteria;Alphaproteobacteria;Rhodobacterales;Rhodobacteraceae;Leisingera;
0.0000	0.0000	0.1367	0.0000	0.0000	0.0000	0.4181	Bacteria;Proteobacteria;Alphaproteobacteria;Rhodobacterales;Rhodobacteraceae;Lentibacter;
0.0000	0.0000	0.0000	0.0000	0.0667	0.0689	0.0057	Bacteria;Proteobacteria;Alphaproteobacteria;Rhodobacterales;Rhodobacteraceae;Litoreibacter;
0.0000	0.0000	0.0000	0.0126	0.0000	0.0000	0.0000	Bacteria;Proteobacteria;Alphaproteobacteria;Rhodobacterales;Rhodobacteraceae;Litorimicrobium;
0.0239	0.0140	0.0000	0.0042	0.0000	0.0000	0.0000	Bacteria;Proteobacteria;Alphaproteobacteria;Rhodobacterales;Rhodobacteraceae;Loktanella;
0.0000	0.0000	0.0044	0.0000	0.0000	0.0000	0.0057	Bacteria;Proteobacteria;Alphaproteobacteria;Rhodobacterales;Rhodobacteraceae;Lutimaribacter;
0.0080	0.0070	0.0044	0.0000	0.0000	0.0038	0.0000	Bacteria;Proteobacteria;Alphaproteobacteria;Rhodobacterales;Rhodobacteraceae;Maritimibacter;
0.0040	0.0000	0.0000	0.0042	0.0000	0.0115	0.0000	Bacteria;Proteobacteria;Alphaproteobacteria;Rhodobacterales;Rhodobacteraceae;Nautella;
0.0000	0.0000	0.0000	0.0000	0.0000	0.0000	0.0057	Bacteria;Proteobacteria;Alphaproteobacteria;Rhodobacterales;Rhodobacteraceae;Nereida;
0.0000	0.0035	0.0000	0.0000	0.0000	0.0000	0.0172	Bacteria;Proteobacteria;Alphaproteobacteria;Rhodobacterales;Rhodobacteraceae;Oceanicola;
0.0000	0.0000	0.0044	0.0000	0.0000	0.0000	0.0000	Bacteria;Proteobacteria;Alphaproteobacteria;Rhodobacterales;Rhodobacteraceae;Oceaniovalibus;
0.0120	0.0000	0.0044	0.0042	0.0000	0.0000	0.0172	Bacteria;Proteobacteria;Alphaproteobacteria;Rhodobacterales;Rhodobacteraceae;Octadecabacter;
0.0040	0.0070	0.0000	0.0000	0.0000	0.0000	0.0000	Bacteria;Proteobacteria;Alphaproteobacteria;Rhodobacterales;Rhodobacteraceae;Paracoccus;
0.0239	0.0000	0.1676	0.0000	0.0083	0.0000	0.1775	Bacteria;Proteobacteria;Alphaproteobacteria;Rhodobacterales;Rhodobacteraceae;Planktomarina;
0.0080	0.0000	0.0000	0.0000	0.0083	0.0038	0.0000	Bacteria;Proteobacteria;Alphaproteobacteria;Rhodobacterales;Rhodobacteraceae;Planktotalea;
0.0000	0.0000	0.0000	0.0126	0.0000	0.0000	0.0000	Bacteria;Proteobacteria;Alphaproteobacteria;Rhodobacterales;Rhodobacteraceae;Pontivivens;
0.0000	0.0000	0.0000	0.0000	0.0000	0.0000	0.0057	Bacteria;Proteobacteria;Alphaproteobacteria;Rhodobacterales;Rhodobacteraceae;Pseudohalocynthiibacter;
0.0040	0.0000	0.0000	0.0000	0.0000	0.0000	0.0000	Bacteria;Proteobacteria;Alphaproteobacteria;Rhodobacterales;Rhodobacteraceae;Pseudorhodobacter;
0.0040	0.0000	0.0000	0.0000	0.0000	0.0000	0.0000	Bacteria;Proteobacteria;Alphaproteobacteria;Rhodobacterales;Rhodobacteraceae;Pseudoruegeria;
0.0000	0.0000	0.0000	0.0000	0.0000	0.0000	0.0057	Bacteria;Proteobacteria;Alphaproteobacteria;Rhodobacterales;Rhodobacteraceae;Pseudovibrio;
0.0000	0.0000	0.0000	0.0000	0.0083	0.0077	0.0000	Bacteria;Proteobacteria;Alphaproteobacteria;Rhodobacterales;Rhodobacteraceae;Rhodobacter;
0.0000	0.0000	0.0000	0.0000	0.0000	0.0077	0.0000	Bacteria;Proteobacteria;Alphaproteobacteria;Rhodobacterales;Rhodobacteraceae;Rhodovulum;
0.0040	0.0070	0.0044	0.0000	0.0459	0.0115	0.0000	Bacteria;Proteobacteria;Alphaproteobacteria;Rhodobacterales;Rhodobacteraceae;Roseibacterium;
0.0000	0.0035	0.0000	0.0000	0.0000	0.0000	0.0000	Bacteria;Proteobacteria;Alphaproteobacteria;Rhodobacterales;Rhodobacteraceae;Roseibium;
0.0000	0.0035	0.0000	0.0000	0.0000	0.0000	0.0000	Bacteria;Proteobacteria;Alphaproteobacteria;Rhodobacterales;Rhodobacteraceae;Roseisalinus;
0.0000	0.0000	0.0000	0.0084	0.0042	0.0000	0.0000	Bacteria;Proteobacteria;Alphaproteobacteria;Rhodobacterales;Rhodobacteraceae;Roseivivax;
0.0040	0.0000	0.0088	0.0000	0.0000	0.0000	0.0172	Bacteria;Proteobacteria;Alphaproteobacteria;Rhodobacterales;Rhodobacteraceae;Roseobacter clade NAC11-7 lineage;
0.0000	0.0000	0.0000	0.0042	0.0000	0.0000	0.0115	Bacteria;Proteobacteria;Alphaproteobacteria;Rhodobacterales;Rhodobacteraceae;Roseobacter;
0.0359	0.0419	0.0088	0.0420	0.0542	0.0306	0.0115	Bacteria;Proteobacteria;Alphaproteobacteria;Rhodobacterales;Rhodobacteraceae;Roseovarius;
0.0239	0.0000	0.0132	0.0042	0.0125	0.0115	0.0000	Bacteria;Proteobacteria;Alphaproteobacteria;Rhodobacterales;Rhodobacteraceae;Ruegeria;
0.0040	0.0140	0.0529	0.0084	0.0375	0.0421	0.0057	Bacteria;Proteobacteria;Alphaproteobacteria;Rhodobacterales;Rhodobacteraceae;Sediminimonas;
0.0080	0.0000	0.0044	0.0000	0.0083	0.0728	0.0000	Bacteria;Proteobacteria;Alphaproteobacteria;Rhodobacterales;Rhodobacteraceae;Shimia;
0.0239	0.0070	0.0088	0.0000	0.0000	0.0077	0.0172	Bacteria;Proteobacteria;Alphaproteobacteria;Rhodobacterales;Rhodobacteraceae;Sulfitobacter;
0.0000	0.0000	0.0000	0.0000	0.0000	0.0077	0.0000	Bacteria;Proteobacteria;Alphaproteobacteria;Rhodobacterales;Rhodobacteraceae;Tateyamaria;
0.0279	0.0000	0.0044	0.0042	0.0000	0.0077	0.0057	Bacteria;Proteobacteria;Alphaproteobacteria;Rhodobacterales;Rhodobacteraceae;Thalassobius;
0.0000	0.0000	0.0000	0.0000	0.0042	0.0000	0.0000	Bacteria;Proteobacteria;Alphaproteobacteria;Rhodobacterales;Rhodobacteraceae;Tropicibacter;
0.0000	0.0000	0.0000	0.0336	0.0000	0.0000	0.0057	Bacteria;Proteobacteria;Alphaproteobacteria;Rhodobacterales;Rhodobacteraceae;Tropicimonas;
4.1853	4.3974	2.7034	2.2745	6.7785	4.2442	2.3309	Bacteria;Proteobacteria;Alphaproteobacteria;Rhodobacterales;Rhodobacteraceae;uncultured;
0.0717	0.0070	0.0706	0.0168	0.0167	0.0268	0.2004	Bacteria;Proteobacteria;Alphaproteobacteria;Rhodospirillales;AT-s3-44;
0.0000	0.0000	0.0044	0.0000	0.0000	0.0000	0.0000	Bacteria;Proteobacteria;Alphaproteobacteria;Rhodospirillales;Acetobacteraceae;Roseomonas;
0.0000	0.0000	0.0000	0.0042	0.0000	0.0000	0.0000	Bacteria;Proteobacteria;Alphaproteobacteria;Rhodospirillales;MNC12;
0.0000	0.0000	0.0000	0.0042	0.0000	0.0000	0.0000	Bacteria;Proteobacteria;Alphaproteobacteria;Rhodospirillales;MSB-1E8;
0.0000	0.0000	0.0000	0.0042	0.0000	0.0000	0.0000	Bacteria;Proteobacteria;Alphaproteobacteria;Rhodospirillales;Rhodospirillaceae;
4.5121	5.0431	2.7740	2.5851	2.5946	2.4132	4.3984	Bacteria;Proteobacteria;Alphaproteobacteria;Rhodospirillales;Rhodospirillaceae;AEGEAN-169 marine group;
0.0000	0.0000	0.0000	0.0084	0.0000	0.0000	0.0000	Bacteria;Proteobacteria;Alphaproteobacteria;Rhodospirillales;Rhodospirillaceae;Fodinicurvata;
0.0399	0.0000	0.0221	0.0084	0.0000	0.0000	0.0573	Bacteria;Proteobacteria;Alphaproteobacteria;Rhodospirillales;Rhodospirillaceae;Magnetospira;
0.0000	0.0070	0.0000	0.0000	0.0000	0.0000	0.0057	Bacteria;Proteobacteria;Alphaproteobacteria;Rhodospirillales;Rhodospirillaceae;Nisaea;
0.2511	0.2024	0.8732	0.2098	0.0709	0.0651	1.6895	Bacteria;Proteobacteria;Alphaproteobacteria;Rhodospirillales;Rhodospirillaceae;OM75 clade;
0.0000	0.0000	0.0000	0.0126	0.0000	0.0000	0.0000	Bacteria;Proteobacteria;Alphaproteobacteria;Rhodospirillales;Rhodospirillaceae;Pelagibius;
0.0000	0.0035	0.0000	0.0000	0.0000	0.0000	0.0000	Bacteria;Proteobacteria;Alphaproteobacteria;Rhodospirillales;Rhodospirillaceae;Skermanella;
0.0000	0.0000	0.0000	0.0042	0.0000	0.0000	0.0000	Bacteria;Proteobacteria;Alphaproteobacteria;Rhodospirillales;Rhodospirillaceae;Terasakiella;
0.0000	0.0035	0.0000	0.0000	0.0042	0.0115	0.0000	Bacteria;Proteobacteria;Alphaproteobacteria;Rhodospirillales;Rhodospirillaceae;Thalassospira;
1.1440	0.9702	1.1466	0.9736	0.6299	0.5478	3.1441	Bacteria;Proteobacteria;Alphaproteobacteria;Rhodospirillales;Rhodospirillaceae;uncultured;
0.0000	0.0000	0.0000	0.0000	0.0083	0.0153	0.0229	Bacteria;Proteobacteria;Alphaproteobacteria;Rhodospirillales;Rhodospirillales Incertae Sedis;Reyranella;
0.0000	0.0000	0.0044	0.0000	0.0000	0.0000	0.0172	Bacteria;Proteobacteria;Alphaproteobacteria;Rickettsiales;EF100-94H03;
0.0000	0.0000	0.0044	0.0084	0.0125	0.0000	0.0000	Bacteria;Proteobacteria;Alphaproteobacteria;Rickettsiales;Holosporaceae;uncultured;
0.0080	0.0175	0.0132	0.0084	0.0125	0.0230	0.0172	Bacteria;Proteobacteria;Alphaproteobacteria;Rickettsiales;LWSR-14;
0.0159	0.0279	0.0044	0.0126	0.0250	0.0536	0.0115	Bacteria;Proteobacteria;Alphaproteobacteria;Rickettsiales;MD3-55;
0.5421	0.3176	0.5645	0.2854	0.2753	0.7929	0.5842	Bacteria;Proteobacteria;Alphaproteobacteria;Rickettsiales;Mitochondria;
0.0000	0.0140	0.0000	0.0000	0.0000	0.0077	0.0000	Bacteria;Proteobacteria;Alphaproteobacteria;Rickettsiales;Rickettsiaceae;Candidatus Cryptoprodotis;
0.0000	0.0000	0.0000	0.0000	0.0000	0.0038	0.0000	Bacteria;Proteobacteria;Alphaproteobacteria;Rickettsiales;Rickettsiaceae;Candidatus Gigarickettsia;
0.0000	0.0035	0.0000	0.0000	0.0000	0.0077	0.0057	Bacteria;Proteobacteria;Alphaproteobacteria;Rickettsiales;Rickettsiaceae;Orientia;
0.0199	0.0419	0.0132	0.0336	0.0083	0.0268	0.0115	Bacteria;Proteobacteria;Alphaproteobacteria;Rickettsiales;Rickettsiaceae;uncultured;
0.0040	0.0000	0.0044	0.0000	0.0167	0.0000	0.0000	Bacteria;Proteobacteria;Alphaproteobacteria;Rickettsiales;Rickettsiales Incertae Sedis;Candidatus Hepatincola;
0.0040	0.0000	0.0000	0.0042	0.0042	0.0038	0.0000	Bacteria;Proteobacteria;Alphaproteobacteria;Rickettsiales;Rickettsiales Incertae Sedis;uncultured;
1.4150	2.3174	0.4895	1.5317	0.7759	0.5401	0.4295	Bacteria;Proteobacteria;Alphaproteobacteria;Rickettsiales;S25-593;
3.1011	6.7253	4.2293	2.4550	2.4820	3.0338	2.0446	Bacteria;Proteobacteria;Alphaproteobacteria;Rickettsiales;SAR116 clade;
0.0399	0.3316	0.0309	0.0042	0.2044	0.0766	0.0229	Bacteria;Proteobacteria;Alphaproteobacteria;Rickettsiales;SAR116 clade;Candidatus Puniceispirillum;
0.0000	0.0000	0.0088	0.0000	0.0000	0.0000	0.0172	Bacteria;Proteobacteria;Alphaproteobacteria;Rickettsiales;SHWN-night2;
0.0000	0.0000	0.0000	0.0084	0.0000	0.0000	0.0057	Bacteria;Proteobacteria;Alphaproteobacteria;Rickettsiales;SM2D12;
0.0000	0.0000	0.0000	0.0210	0.0000	0.0000	0.0401	Bacteria;Proteobacteria;Alphaproteobacteria;Rickettsiales;T9d;
0.0000	0.0000	0.0000	0.0042	0.0000	0.0000	0.0000	Bacteria;Proteobacteria;Alphaproteobacteria;Rickettsiales;TK34;
0.2312	0.1187	0.0441	0.1049	0.3170	0.3218	0.0859	Bacteria;Proteobacteria;Alphaproteobacteria;SAR11 clade;
0.0000	0.0070	0.0044	0.0000	0.0042	0.0000	0.0172	Bacteria;Proteobacteria;Alphaproteobacteria;SAR11 clade;Chesapeake-Delaware Bay;
0.0199	0.0105	0.0132	0.0000	0.0334	0.0268	0.0745	Bacteria;Proteobacteria;Alphaproteobacteria;SAR11 clade;Deep 1;
2.6945	4.3556	0.8953	1.8339	2.5821	1.8501	1.5864	Bacteria;Proteobacteria;Alphaproteobacteria;SAR11 clade;Surface 1;
0.0319	0.0000	0.0044	0.0504	0.0000	0.0077	0.0000	Bacteria;Proteobacteria;Alphaproteobacteria;SAR11 clade;Surface 1;Candidatus Pelagibacter;
0.7055	0.5898	0.1499	0.4532	0.1877	0.5401	0.3493	Bacteria;Proteobacteria;Alphaproteobacteria;SAR11 clade;Surface 2;
0.0120	0.7259	0.0221	0.0000	0.0167	0.1073	0.0000	Bacteria;Proteobacteria;Alphaproteobacteria;SAR11 clade;Surface 3;
0.6936	1.5880	0.5954	0.0252	0.4213	0.9040	1.5520	Bacteria;Proteobacteria;Alphaproteobacteria;SAR11 clade;Surface 4;
0.0000	0.0000	0.0000	0.0000	0.0000	0.0000	0.0057	Bacteria;Proteobacteria;Alphaproteobacteria;Sneathiellales;Sneathiellaceae;Sneathiella;
0.0040	0.0000	0.0000	0.0000	0.0000	0.0000	0.0000	Bacteria;Proteobacteria;Alphaproteobacteria;Sneathiellales;Sneathiellaceae;uncultured;
0.0000	0.0035	0.0000	0.0000	0.0000	0.0000	0.0000	Bacteria;Proteobacteria;Alphaproteobacteria;Sphingomonadales;Erythrobacteraceae;
0.0120	0.0035	0.0044	0.0504	0.0083	0.0000	0.0172	Bacteria;Proteobacteria;Alphaproteobacteria;Sphingomonadales;Erythrobacteraceae;Altererythrobacter;
0.0000	0.0000	0.0000	0.0000	0.0000	0.0000	0.0057	Bacteria;Proteobacteria;Alphaproteobacteria;Sphingomonadales;Erythrobacteraceae;Croceicoccus;
0.7334	0.0384	0.0529	0.0000	0.1126	0.0498	0.0802	Bacteria;Proteobacteria;Alphaproteobacteria;Sphingomonadales;Erythrobacteraceae;Erythrobacter;
0.0000	0.0000	0.0000	0.0000	0.0167	0.0306	0.0000	Bacteria;Proteobacteria;Alphaproteobacteria;Sphingomonadales;Erythrobacteraceae;Porphyrobacter;
0.0319	0.0035	0.0000	0.0126	0.0000	0.0000	0.0057	Bacteria;Proteobacteria;Alphaproteobacteria;Sphingomonadales;Erythrobacteraceae;uncultured;
0.0000	0.0000	0.0000	0.0000	0.0000	0.0077	0.0000	Bacteria;Proteobacteria;Alphaproteobacteria;Sphingomonadales;SD04E11;
0.0000	0.0000	0.0132	0.0000	0.0000	0.0000	0.0000	Bacteria;Proteobacteria;Alphaproteobacteria;Sphingomonadales;Sphingomonadaceae;Blastomonas;
0.0000	0.0000	0.0044	0.0000	0.0042	0.0115	0.0000	Bacteria;Proteobacteria;Alphaproteobacteria;Sphingomonadales;Sphingomonadaceae;Novosphingobium;
0.1873	0.0035	0.0000	0.0000	0.0000	0.0000	0.0172	Bacteria;Proteobacteria;Alphaproteobacteria;Sphingomonadales;Sphingomonadaceae;Parasphingopyxis;
0.0000	0.0105	0.0000	0.0000	0.0083	0.0000	0.0000	Bacteria;Proteobacteria;Alphaproteobacteria;Sphingomonadales;Sphingomonadaceae;Rhizorhapis;
0.0040	0.0070	0.0000	0.0000	0.0042	0.5937	0.0115	Bacteria;Proteobacteria;Alphaproteobacteria;Sphingomonadales;Sphingomonadaceae;Sphingobium;
0.0279	0.0000	0.0132	0.0000	0.0042	0.0575	0.0000	Bacteria;Proteobacteria;Alphaproteobacteria;Sphingomonadales;Sphingomonadaceae;Sphingomonas;
0.0120	0.0000	0.0309	0.0000	0.0083	0.0000	0.0000	Bacteria;Proteobacteria;Alphaproteobacteria;Sphingomonadales;Sphingomonadaceae;Sphingopyxis;
0.0000	0.0000	0.0088	0.0000	0.0000	0.0000	0.0000	Bacteria;Proteobacteria;Alphaproteobacteria;Sphingomonadales;Sphingomonadaceae;Sphingorhabdus;
0.0000	0.0000	0.0000	0.0629	0.0000	0.0000	0.0000	Bacteria;Proteobacteria;Alphaproteobacteria;ss1-B-07-44;
0.0000	0.0000	0.0000	0.0336	0.0000	0.0000	0.0000	Bacteria;Proteobacteria;BJGMM-U56;
0.0000	0.0000	0.0000	0.0042	0.0000	0.0000	0.0000	Bacteria;Proteobacteria;Betaproteobacteria;Burkholderiales;Alcaligenaceae;Achromobacter;
0.1116	0.1815	0.0265	0.1846	0.0542	0.0460	0.0172	Bacteria;Proteobacteria;Betaproteobacteria;Burkholderiales;Alcaligenaceae;MWH-UniP1 aquatic group;
0.0040	0.0035	0.0000	0.0000	0.0042	0.0038	0.0000	Bacteria;Proteobacteria;Betaproteobacteria;Burkholderiales;Burkholderiaceae;Burkholderia-Paraburkholderia;
0.0080	0.0000	0.1058	0.0000	0.0000	0.0000	0.0057	Bacteria;Proteobacteria;Betaproteobacteria;Burkholderiales;Burkholderiaceae;Limnobacter;
0.0000	0.0000	0.0000	0.0000	0.0042	0.0000	0.0000	Bacteria;Proteobacteria;Betaproteobacteria;Burkholderiales;Burkholderiaceae;Pandoraea;
0.0040	0.0000	0.0000	0.0042	0.0042	0.0038	0.0000	Bacteria;Proteobacteria;Betaproteobacteria;Burkholderiales;Burkholderiaceae;Polynucleobacter;
0.0996	0.0105	0.0176	0.0042	0.0584	0.0000	0.1775	Bacteria;Proteobacteria;Betaproteobacteria;Burkholderiales;Burkholderiaceae;Ralstonia;
0.0000	0.0000	0.0000	0.0000	0.0000	0.0000	0.0115	Bacteria;Proteobacteria;Betaproteobacteria;Burkholderiales;Comamonadaceae;Acidovorax;
0.0000	0.0000	0.0044	0.0000	0.0000	0.0000	0.0057	Bacteria;Proteobacteria;Betaproteobacteria;Burkholderiales;Comamonadaceae;Aquabacterium;
0.0000	0.0000	0.0221	0.0000	0.0000	0.0000	0.0000	Bacteria;Proteobacteria;Betaproteobacteria;Burkholderiales;Comamonadaceae;Hydrogenophaga;
0.0000	0.0000	0.0088	0.0000	0.0000	0.0000	0.0000	Bacteria;Proteobacteria;Betaproteobacteria;Burkholderiales;Comamonadaceae;Variovorax;
0.0000	0.0000	0.0000	0.0042	0.0000	0.0000	0.0000	Bacteria;Proteobacteria;Betaproteobacteria;Burkholderiales;Comamonadaceae;uncultured;
0.0000	0.0000	0.0044	0.0000	0.0042	0.0000	0.0000	Bacteria;Proteobacteria;Betaproteobacteria;Burkholderiales;Oxalobacteraceae;Collimonas;
0.0120	0.0000	0.0000	0.0084	0.0000	0.0038	0.0057	Bacteria;Proteobacteria;Betaproteobacteria;Burkholderiales;Oxalobacteraceae;Janthinobacterium;
0.0000	0.0035	0.0044	0.0000	0.0000	0.0000	0.0000	Bacteria;Proteobacteria;Betaproteobacteria;Burkholderiales;Oxalobacteraceae;Massilia;
0.0399	0.0698	0.0176	0.4574	0.0250	0.0268	0.1088	Bacteria;Proteobacteria;Betaproteobacteria;Hydrogenophilales;Hydrogenophilaceae;uncultured;
0.0000	0.0000	0.0000	0.0042	0.0000	0.0000	0.0000	Bacteria;Proteobacteria;Betaproteobacteria;Methylophilales;Methylophilaceae;Candidatus Methylopumilus;
0.0000	0.0000	0.0000	0.0042	0.0000	0.0000	0.0000	Bacteria;Proteobacteria;Betaproteobacteria;Methylophilales;Methylophilaceae;Methylophilus;
0.0000	0.0000	0.0044	0.0000	0.0000	0.0000	0.0000	Bacteria;Proteobacteria;Betaproteobacteria;Methylophilales;Methylophilaceae;Methylotenera;
0.0040	0.0314	0.3749	0.1679	0.0417	0.0077	1.1454	Bacteria;Proteobacteria;Betaproteobacteria;Methylophilales;Methylophilaceae;OM43 clade;
0.0040	0.0000	0.0000	0.0000	0.0000	0.0000	0.0000	Bacteria;Proteobacteria;Betaproteobacteria;Neisseriales;Neisseriaceae;Neisseria;
0.0000	0.0000	0.0000	0.0000	0.0000	0.0038	0.0000	Bacteria;Proteobacteria;Betaproteobacteria;Neisseriales;Neisseriaceae;uncultured;
0.0000	0.0000	0.0000	0.0042	0.0000	0.0000	0.0000	Bacteria;Proteobacteria;Betaproteobacteria;Nitrosomonadales;Nitrosomonadaceae;Nitrosomonas;
0.0040	0.0000	0.0000	0.0000	0.0000	0.0000	0.0000	Bacteria;Proteobacteria;Betaproteobacteria;Rhodocyclales;Rhodocyclaceae;uncultured;
0.0000	0.0035	0.0000	0.0000	0.0000	0.0000	0.0000	Bacteria;Proteobacteria;Betaproteobacteria;TRA3-20;
0.0000	0.0000	0.0000	0.0042	0.0000	0.0000	0.0000	Bacteria;Proteobacteria;Deltaproteobacteria;43F-1404R;
0.0000	0.0000	0.0000	0.0084	0.0000	0.0000	0.0000	Bacteria;Proteobacteria;Deltaproteobacteria;Bdellovibrionales;Bacteriovoracaceae;
0.0000	0.0000	0.0000	0.0126	0.0000	0.0000	0.0000	Bacteria;Proteobacteria;Deltaproteobacteria;Bdellovibrionales;Bacteriovoracaceae;Deferrisoma;
0.0120	0.0035	0.0176	0.0168	0.0042	0.0038	0.0000	Bacteria;Proteobacteria;Deltaproteobacteria;Bdellovibrionales;Bacteriovoracaceae;Halobacteriovorax;
0.0319	0.0035	0.0000	0.1343	0.0042	0.0115	0.0000	Bacteria;Proteobacteria;Deltaproteobacteria;Bdellovibrionales;Bacteriovoracaceae;Peredibacter;
0.0558	0.1047	0.0088	0.1217	0.0209	0.0498	0.0000	Bacteria;Proteobacteria;Deltaproteobacteria;Bdellovibrionales;Bacteriovoracaceae;uncultured;
0.0080	0.0000	0.0000	0.0294	0.0000	0.0000	0.0000	Bacteria;Proteobacteria;Deltaproteobacteria;Bdellovibrionales;Bdellovibrionaceae;Bdellovibrio;
0.3787	0.2199	0.3219	1.0869	0.1418	0.1149	0.0916	Bacteria;Proteobacteria;Deltaproteobacteria;Bdellovibrionales;Bdellovibrionaceae;OM27 clade;
0.1156	0.0803	0.2029	1.0449	0.0459	0.0421	0.0458	Bacteria;Proteobacteria;Deltaproteobacteria;Bradymonadales;
0.0000	0.0000	0.0000	0.0336	0.0000	0.0000	0.0000	Bacteria;Proteobacteria;Deltaproteobacteria;Desulfarculales;Desulfarculaceae;Desulfatiglans;
0.0000	0.0000	0.0000	0.0000	0.0000	0.0115	0.0000	Bacteria;Proteobacteria;Deltaproteobacteria;Desulfarculales;Desulfarculaceae;uncultured;
0.0000	0.0000	0.0000	0.0042	0.0000	0.0000	0.0000	Bacteria;Proteobacteria;Deltaproteobacteria;Desulfobacterales;Desulfobacteraceae;Desulfobacter;
0.0000	0.0000	0.0000	0.0042	0.0000	0.0000	0.0000	Bacteria;Proteobacteria;Deltaproteobacteria;Desulfobacterales;Desulfobacteraceae;SEEP-SRB1;
0.0000	0.0000	0.0044	0.2308	0.0000	0.0000	0.0000	Bacteria;Proteobacteria;Deltaproteobacteria;Desulfobacterales;Desulfobacteraceae;Sva0081 sediment group;
0.0000	0.0000	0.0000	0.0042	0.0000	0.0000	0.0057	Bacteria;Proteobacteria;Deltaproteobacteria;Desulfobacterales;Desulfobacteraceae;uncultured;
0.0000	0.0000	0.0000	0.1846	0.0000	0.0000	0.0000	Bacteria;Proteobacteria;Deltaproteobacteria;Desulfobacterales;Desulfobulbaceae;Desulfobulbus;
0.0040	0.0000	0.0000	0.0000	0.0000	0.0000	0.0000	Bacteria;Proteobacteria;Deltaproteobacteria;Desulfobacterales;Desulfobulbaceae;Desulfocapsa;
0.0000	0.0000	0.0044	0.0000	0.0000	0.0000	0.0000	Bacteria;Proteobacteria;Deltaproteobacteria;Desulfobacterales;Desulfobulbaceae;Desulforhopalus;
0.0000	0.0000	0.0000	0.0042	0.0000	0.0000	0.0000	Bacteria;Proteobacteria;Deltaproteobacteria;Desulfobacterales;Desulfobulbaceae;uncultured;
0.0040	0.0000	0.0044	0.0000	0.0000	0.0000	0.0000	Bacteria;Proteobacteria;Deltaproteobacteria;Desulfovibrionales;Desulfovibrionaceae;Desulfovibrio;
0.0877	0.0035	0.0838	0.4784	0.0125	0.0000	0.0000	Bacteria;Proteobacteria;Deltaproteobacteria;Desulfurellales;Desulfurellaceae;H16;
0.0000	0.0000	0.0000	0.0042	0.0000	0.0000	0.0000	Bacteria;Proteobacteria;Deltaproteobacteria;Desulfuromonadales;C8S-102;
0.0040	0.0000	0.0000	0.0000	0.0000	0.0000	0.0000	Bacteria;Proteobacteria;Deltaproteobacteria;Desulfuromonadales;Desulfuromonadaceae;Desulfuromonas;
0.0120	0.0035	0.0000	0.0000	0.0000	0.0000	0.0000	Bacteria;Proteobacteria;Deltaproteobacteria;Desulfuromonadales;Desulfuromonadaceae;Pelobacter;
0.0000	0.0000	0.0573	0.0000	0.0000	0.0000	0.0000	Bacteria;Proteobacteria;Deltaproteobacteria;Desulfuromonadales;Geobacteraceae;Geoalkalibacter;
0.0040	0.0000	0.0000	0.0000	0.0000	0.0000	0.0000	Bacteria;Proteobacteria;Deltaproteobacteria;Desulfuromonadales;Geobacteraceae;Geothermobacter;
0.0000	0.0000	0.0000	0.0210	0.0000	0.0000	0.0000	Bacteria;Proteobacteria;Deltaproteobacteria;Desulfuromonadales;M113;
0.0000	0.0000	0.0000	0.0336	0.0000	0.0000	0.0000	Bacteria;Proteobacteria;Deltaproteobacteria;Desulfuromonadales;Sva1033;
0.0040	0.0000	0.0000	0.0042	0.0000	0.0000	0.0000	Bacteria;Proteobacteria;Deltaproteobacteria;Myxococcales;
0.0000	0.0000	0.0000	0.0084	0.0000	0.0000	0.0000	Bacteria;Proteobacteria;Deltaproteobacteria;Myxococcales;27F-1492R;
0.0080	0.0070	0.0132	0.0504	0.0083	0.0192	0.0000	Bacteria;Proteobacteria;Deltaproteobacteria;Myxococcales;BIrii41;
0.1236	0.0279	0.0706	0.0629	0.0417	0.0192	0.0630	Bacteria;Proteobacteria;Deltaproteobacteria;Myxococcales;Blfdi19;
0.0080	0.0000	0.0309	0.1007	0.0042	0.0000	0.0000	Bacteria;Proteobacteria;Deltaproteobacteria;Myxococcales;Eel-36e1D6;
0.0000	0.0000	0.0000	0.0504	0.0000	0.0000	0.0000	Bacteria;Proteobacteria;Deltaproteobacteria;Myxococcales;Haliangiaceae;Haliangium;
0.0000	0.0000	0.0000	0.0042	0.0000	0.0000	0.0000	Bacteria;Proteobacteria;Deltaproteobacteria;Myxococcales;MSB-4B10;
0.0000	0.0000	0.0000	0.0126	0.0000	0.0000	0.0000	Bacteria;Proteobacteria;Deltaproteobacteria;Myxococcales;MidBa8;
0.0000	0.0035	0.0000	0.0084	0.0000	0.0000	0.0000	Bacteria;Proteobacteria;Deltaproteobacteria;Myxococcales;Nannocystaceae;
0.0000	0.0000	0.0000	0.0042	0.0000	0.0000	0.0000	Bacteria;Proteobacteria;Deltaproteobacteria;Myxococcales;Nannocystaceae;Enhygromyxa;
0.0000	0.0000	0.0000	0.0084	0.0000	0.0000	0.0000	Bacteria;Proteobacteria;Deltaproteobacteria;Myxococcales;Nannocystaceae;Nannocystis;
0.0279	0.0000	0.0000	0.1385	0.0000	0.0153	0.0000	Bacteria;Proteobacteria;Deltaproteobacteria;Myxococcales;Nannocystaceae;uncultured;
0.0797	0.1326	0.1058	0.2560	0.0167	0.0498	0.1890	Bacteria;Proteobacteria;Deltaproteobacteria;Myxococcales;P3OB-42;
0.0000	0.0000	0.0000	0.0084	0.0000	0.0000	0.0000	Bacteria;Proteobacteria;Deltaproteobacteria;Myxococcales;PS-B29;
0.0000	0.0000	0.0000	0.0000	0.0000	0.0077	0.0000	Bacteria;Proteobacteria;Deltaproteobacteria;Myxococcales;Phaselicystidaceae;Phaselicystis;
0.0080	0.0000	0.0000	0.0462	0.0000	0.0000	0.0000	Bacteria;Proteobacteria;Deltaproteobacteria;Myxococcales;Sandaracinaceae;Sandaracinus;
0.0638	0.0000	0.0397	0.1007	0.0042	0.0000	0.0115	Bacteria;Proteobacteria;Deltaproteobacteria;Myxococcales;Sandaracinaceae;uncultured;
0.0000	0.0000	0.0000	0.0168	0.0000	0.0000	0.0000	Bacteria;Proteobacteria;Deltaproteobacteria;Myxococcales;UASB-TL25;
0.0000	0.0000	0.0000	0.0042	0.0000	0.0000	0.0000	Bacteria;Proteobacteria;Deltaproteobacteria;Myxococcales;VHS-B4-70;
0.0000	0.0000	0.0044	0.0336	0.0000	0.0000	0.0057	Bacteria;Proteobacteria;Deltaproteobacteria;Myxococcales;bacteriap25;
0.0000	0.0000	0.0000	0.0000	0.0000	0.0038	0.0000	Bacteria;Proteobacteria;Deltaproteobacteria;Myxococcales;mle1-27;
0.0757	0.0035	0.2029	0.2056	0.0000	0.0115	0.0401	Bacteria;Proteobacteria;Deltaproteobacteria;NB1-j;
0.0000	0.0000	0.0000	0.0168	0.0000	0.0000	0.0000	Bacteria;Proteobacteria;Deltaproteobacteria;Oligoflexales;0319-6G20;
0.0000	0.0000	0.0000	0.0126	0.0000	0.0000	0.0000	Bacteria;Proteobacteria;Deltaproteobacteria;Oligoflexales;053A03-B-DI-P58;
0.4106	0.1082	0.3308	0.2350	0.0876	0.0881	0.1775	Bacteria;Proteobacteria;Deltaproteobacteria;Oligoflexales;Oligoflexaceae;
0.0000	0.0000	0.0000	0.0042	0.0042	0.0153	0.0000	Bacteria;Proteobacteria;Deltaproteobacteria;Oligoflexales;Oligoflexaceae;Pseudobacteriovorax;
0.7733	1.1971	0.5292	1.9262	0.3087	0.6129	1.0767	Bacteria;Proteobacteria;Deltaproteobacteria;SAR324 clade(Marine group B);
0.0000	0.0000	0.0000	0.0126	0.0000	0.0000	0.0000	Bacteria;Proteobacteria;Deltaproteobacteria;Sva0485;
0.0000	0.0000	0.0000	0.0042	0.0000	0.0000	0.0000	Bacteria;Proteobacteria;Deltaproteobacteria;Syntrophobacterales;Syntrophaceae;Desulfobacca;
0.0000	0.0000	0.0000	0.0671	0.0000	0.0000	0.0000	Bacteria;Proteobacteria;Deltaproteobacteria;Syntrophobacterales;Syntrophobacteraceae;uncultured;
0.0000	0.0000	0.0000	0.0126	0.0000	0.0000	0.0000	Bacteria;Proteobacteria;Elev-16S-509;
0.0558	0.0000	0.0221	0.0000	0.0250	0.0038	0.0000	Bacteria;Proteobacteria;Epsilonproteobacteria;Campylobacterales;Campylobacteraceae;Arcobacter;
0.0159	0.0070	0.0000	0.0000	0.0042	0.0000	0.0115	Bacteria;Proteobacteria;Epsilonproteobacteria;Campylobacterales;Helicobacteraceae;Sulfurovum;
0.0000	0.0000	0.0000	0.0042	0.0000	0.0000	0.0000	Bacteria;Proteobacteria;Gammaproteobacteria;
0.0000	0.0000	0.0000	0.0042	0.0000	0.0000	0.0000	Bacteria;Proteobacteria;Gammaproteobacteria;Acidiferrobacterales;Acidiferrobacteraceae;Sulfurifustis;
0.0000	0.0000	0.0000	0.0042	0.0000	0.0000	0.0000	Bacteria;Proteobacteria;Gammaproteobacteria;Acidithiobacillales;RCP1-48;
0.0040	0.0000	0.0000	0.0042	0.0083	0.0115	0.0000	Bacteria;Proteobacteria;Gammaproteobacteria;Aeromonadales;Aeromonadaceae;Aeromonas;
0.0399	0.0000	0.0088	0.0042	0.0125	0.0000	0.0000	Bacteria;Proteobacteria;Gammaproteobacteria;Aeromonadales;Aeromonadaceae;uncultured;
0.0000	0.0000	0.0088	0.0000	0.0042	0.0077	0.0000	Bacteria;Proteobacteria;Gammaproteobacteria;Alteromonadales;Alteromonadaceae;
0.0000	0.0000	0.0000	0.0000	0.0209	0.1647	0.0000	Bacteria;Proteobacteria;Gammaproteobacteria;Alteromonadales;Alteromonadaceae;Aestuariibacter;
0.0000	0.0000	0.0000	0.0000	0.0042	0.0192	0.0000	Bacteria;Proteobacteria;Gammaproteobacteria;Alteromonadales;Alteromonadaceae;Agaribacter;
0.0080	0.0070	0.0044	0.0000	0.0042	0.0153	0.0344	Bacteria;Proteobacteria;Gammaproteobacteria;Alteromonadales;Alteromonadaceae;Alteromonas;
0.0000	0.0000	0.0000	0.0000	0.0000	0.0077	0.0000	Bacteria;Proteobacteria;Gammaproteobacteria;Alteromonadales;Alteromonadaceae;Bowmanella;
0.0000	0.0000	0.0000	0.0000	0.0000	0.0000	0.0057	Bacteria;Proteobacteria;Gammaproteobacteria;Alteromonadales;Alteromonadaceae;Glaciecola;
0.0159	0.0105	0.0221	0.0000	0.0167	0.0077	0.0286	Bacteria;Proteobacteria;Gammaproteobacteria;Alteromonadales;Alteromonadaceae;Marinobacter;
0.0120	0.0070	0.0176	0.0084	0.0292	0.0689	0.0057	Bacteria;Proteobacteria;Gammaproteobacteria;Alteromonadales;Alteromonadaceae;Paraglaciecola;
0.0000	0.0035	0.0000	0.0000	0.0042	0.0000	0.0000	Bacteria;Proteobacteria;Gammaproteobacteria;Alteromonadales;Alteromonadaceae;Salinimonas;
0.0000	0.0035	0.0044	0.0042	0.0292	0.0766	0.0000	Bacteria;Proteobacteria;Gammaproteobacteria;Alteromonadales;Alteromonadaceae;uncultured;
0.0000	0.0000	0.0000	0.0000	0.0042	0.0000	0.0000	Bacteria;Proteobacteria;Gammaproteobacteria;Alteromonadales;Celerinatantimonadaceae;Celerinatantimonas;
0.0159	0.0000	0.0044	0.0126	0.0626	0.0421	0.0286	Bacteria;Proteobacteria;Gammaproteobacteria;Alteromonadales;Colwelliaceae;Colwellia;
0.0000	0.0000	0.0176	0.0168	0.0042	0.0421	0.0000	Bacteria;Proteobacteria;Gammaproteobacteria;Alteromonadales;Colwelliaceae;Thalassotalea;
0.0040	0.0000	0.0044	0.0042	0.0000	0.0000	0.0000	Bacteria;Proteobacteria;Gammaproteobacteria;Alteromonadales;Ferrimonadaceae;Ferrimonas;
0.0000	0.0489	0.0441	0.0000	0.0042	0.0000	0.0286	Bacteria;Proteobacteria;Gammaproteobacteria;Alteromonadales;Idiomarinaceae;Idiomarina;
0.0000	0.0000	0.0000	0.0084	0.0000	0.0000	0.0000	Bacteria;Proteobacteria;Gammaproteobacteria;Alteromonadales;Pseudoalteromonadaceae;Algicola;
0.0399	0.0628	0.1279	0.0084	0.0876	0.0996	0.0344	Bacteria;Proteobacteria;Gammaproteobacteria;Alteromonadales;Pseudoalteromonadaceae;Pseudoalteromonas;
0.0000	0.0000	0.0000	0.0126	0.0000	0.0077	0.0000	Bacteria;Proteobacteria;Gammaproteobacteria;Alteromonadales;Pseudoalteromonadaceae;Psychrosphaera;
0.0000	0.0105	0.0000	0.0000	0.0042	0.0345	0.0000	Bacteria;Proteobacteria;Gammaproteobacteria;Alteromonadales;Pseudoalteromonadaceae;uncultured;
0.0040	0.0070	0.0309	0.0000	0.0209	0.0000	0.0057	Bacteria;Proteobacteria;Gammaproteobacteria;Alteromonadales;Psychromonadaceae;Psychromonas;
0.0000	0.0000	0.0000	0.0000	0.0000	0.0000	0.0057	Bacteria;Proteobacteria;Gammaproteobacteria;Alteromonadales;Shewanellaceae;Psychrobium;
0.0239	0.0105	0.0088	0.0042	0.0125	0.0153	0.0745	Bacteria;Proteobacteria;Gammaproteobacteria;Alteromonadales;Shewanellaceae;Shewanella;
0.0996	0.0035	0.0000	0.0042	0.0417	0.0230	0.0000	Bacteria;Proteobacteria;Gammaproteobacteria;Arenicellales;Arenicellaceae;Arenicella;
0.0040	0.0000	0.0132	0.0084	0.0000	0.0000	0.0057	Bacteria;Proteobacteria;Gammaproteobacteria;Arenicellales;Arenicellaceae;uncultured;
0.0080	0.0000	0.0088	0.0336	0.0000	0.0000	0.0000	Bacteria;Proteobacteria;Gammaproteobacteria;BD7-8 marine group;
0.0000	0.0000	0.0000	0.0000	0.0000	0.0038	0.0000	Bacteria;Proteobacteria;Gammaproteobacteria;CK-1C2-67;
0.0000	0.0070	0.0000	0.0000	0.0000	0.0000	0.0000	Bacteria;Proteobacteria;Gammaproteobacteria;CS-B046;
0.0000	0.0000	0.0000	0.0042	0.0000	0.0038	0.0000	Bacteria;Proteobacteria;Gammaproteobacteria;Cardiobacteriales;Cardiobacteriaceae;uncultured;
0.0000	0.0000	0.0000	0.0042	0.0000	0.0000	0.0000	Bacteria;Proteobacteria;Gammaproteobacteria;Cellvibrionales;
0.0000	0.0000	0.0000	0.0336	0.0000	0.0000	0.0057	Bacteria;Proteobacteria;Gammaproteobacteria;Cellvibrionales;BD2-7;
0.0000	0.0000	0.0000	0.0042	0.0000	0.0000	0.0000	Bacteria;Proteobacteria;Gammaproteobacteria;Cellvibrionales;Cellvibrionaceae;Aestuariicella;
0.0080	0.0000	0.0088	0.0000	0.0000	0.0000	0.0000	Bacteria;Proteobacteria;Gammaproteobacteria;Cellvibrionales;Cellvibrionaceae;Candidatus Endobugula;
0.0080	0.0000	0.0000	0.0000	0.0000	0.0000	0.0000	Bacteria;Proteobacteria;Gammaproteobacteria;Cellvibrionales;Cellvibrionaceae;Eionea;
0.0080	0.0035	0.0044	0.0042	0.0000	0.0230	0.0000	Bacteria;Proteobacteria;Gammaproteobacteria;Cellvibrionales;Cellvibrionaceae;Maricurvus;
0.0000	0.0000	0.0000	0.0084	0.0000	0.0000	0.0000	Bacteria;Proteobacteria;Gammaproteobacteria;Cellvibrionales;Cellvibrionaceae;Marinimicrobium;
0.0040	0.0000	0.0000	0.0000	0.0000	0.0000	0.0000	Bacteria;Proteobacteria;Gammaproteobacteria;Cellvibrionales;Cellvibrionaceae;Pseudoteredinibacter;
0.0080	0.0000	0.0000	0.0126	0.0083	0.0115	0.0057	Bacteria;Proteobacteria;Gammaproteobacteria;Cellvibrionales;Cellvibrionaceae;Simiduia;
0.0000	0.0000	0.0000	0.0000	0.0125	0.0038	0.0000	Bacteria;Proteobacteria;Gammaproteobacteria;Cellvibrionales;Cellvibrionaceae;Umboniibacter;
0.0120	0.0000	0.0176	0.0504	0.0167	0.0000	0.0000	Bacteria;Proteobacteria;Gammaproteobacteria;Cellvibrionales;Cellvibrionaceae;uncultured;
0.0000	0.0035	0.0000	0.0042	0.0000	0.0000	0.0000	Bacteria;Proteobacteria;Gammaproteobacteria;Cellvibrionales;Halieaceae;
0.0797	0.0035	0.0309	0.0546	0.0459	0.0000	0.0057	Bacteria;Proteobacteria;Gammaproteobacteria;Cellvibrionales;Halieaceae;Haliea;
0.0359	0.0070	0.0044	0.0546	0.0709	0.0077	0.0000	Bacteria;Proteobacteria;Gammaproteobacteria;Cellvibrionales;Halieaceae;Halioglobus;
0.0159	0.0140	0.0000	0.1553	0.0042	0.0000	0.0115	Bacteria;Proteobacteria;Gammaproteobacteria;Cellvibrionales;Halieaceae;Luminiphilus;
0.6896	0.6247	0.4013	1.1205	1.3807	0.6129	0.1890	Bacteria;Proteobacteria;Gammaproteobacteria;Cellvibrionales;Halieaceae;OM60(NOR5) clade;
0.0717	0.0000	0.0838	0.0042	0.0292	0.0268	0.0687	Bacteria;Proteobacteria;Gammaproteobacteria;Cellvibrionales;Halieaceae;Parahaliea;
0.0279	0.0000	0.0000	0.0168	0.0083	0.0038	0.0000	Bacteria;Proteobacteria;Gammaproteobacteria;Cellvibrionales;Halieaceae;Pseudohaliea;
0.0120	0.0140	0.0000	0.0168	0.0000	0.0038	0.0115	Bacteria;Proteobacteria;Gammaproteobacteria;Cellvibrionales;Porticoccaceae;C1-B045;
0.5062	0.0349	0.2029	0.0000	0.0709	0.0843	0.0630	Bacteria;Proteobacteria;Gammaproteobacteria;Cellvibrionales;Porticoccaceae;SAR92 clade;
0.0837	0.4991	0.0132	0.0629	0.0584	0.0804	0.0229	Bacteria;Proteobacteria;Gammaproteobacteria;Cellvibrionales;Spongiibacteraceae;BD1-7 clade;
0.0000	0.0000	0.0044	0.0168	0.0000	0.0000	0.0286	Bacteria;Proteobacteria;Gammaproteobacteria;Cellvibrionales;Spongiibacteraceae;Dasania;
0.0000	0.0000	0.0000	0.0084	0.0000	0.0000	0.0000	Bacteria;Proteobacteria;Gammaproteobacteria;Cellvibrionales;Spongiibacteraceae;Litorivivens;
0.0000	0.0000	0.0044	0.0000	0.0000	0.0000	0.0115	Bacteria;Proteobacteria;Gammaproteobacteria;Cellvibrionales;Spongiibacteraceae;Oceanicoccus;
0.0000	0.0000	0.0000	0.0000	0.0000	0.0038	0.0000	Bacteria;Proteobacteria;Gammaproteobacteria;Cellvibrionales;Spongiibacteraceae;Sinobacterium;
0.0000	0.0000	0.0000	0.0000	0.0000	0.0038	0.0057	Bacteria;Proteobacteria;Gammaproteobacteria;Cellvibrionales;Spongiibacteraceae;Spongiibacter;
0.0000	0.0000	0.0000	0.0000	0.0000	0.0000	0.0229	Bacteria;Proteobacteria;Gammaproteobacteria;Cellvibrionales;Spongiibacteraceae;Zhongshania;
0.0000	0.0035	0.0132	0.0000	0.0000	0.0000	0.0000	Bacteria;Proteobacteria;Gammaproteobacteria;Chromatiales;Chromatiaceae;Rheinheimera;
0.0040	0.0000	0.0000	0.0210	0.0000	0.0000	0.0000	Bacteria;Proteobacteria;Gammaproteobacteria;Chromatiales;Ectothiorhodospiraceae;Thioalkalispira;
0.0040	0.0000	0.0000	0.0000	0.0000	0.0000	0.0000	Bacteria;Proteobacteria;Gammaproteobacteria;Chromatiales;Ectothiorhodospiraceae;Thiogranum;
0.0000	0.0035	0.0000	0.0000	0.0000	0.0000	0.0000	Bacteria;Proteobacteria;Gammaproteobacteria;Chromatiales;Ectothiorhodospiraceae;uncultured;
0.0120	0.0000	0.0044	0.0839	0.0000	0.0000	0.0115	Bacteria;Proteobacteria;Gammaproteobacteria;Chromatiales;Granulosicoccaceae;Granulosicoccus;
0.6099	0.0384	0.1985	0.7680	0.0959	0.0153	0.5326	Bacteria;Proteobacteria;Gammaproteobacteria;E01-9C-26 marine group;
0.0040	0.0000	0.0000	0.0252	0.0000	0.0000	0.0000	Bacteria;Proteobacteria;Gammaproteobacteria;EC3;
0.0040	0.0000	0.0000	0.0000	0.0042	0.0000	0.0000	Bacteria;Proteobacteria;Gammaproteobacteria;Enterobacteriales;Enterobacteriaceae;
0.0000	0.0000	0.0000	0.0042	0.0000	0.0000	0.0000	Bacteria;Proteobacteria;Gammaproteobacteria;Enterobacteriales;Enterobacteriaceae;Buchnera;
0.0000	0.0000	0.0000	0.0000	0.0042	0.0000	0.0000	Bacteria;Proteobacteria;Gammaproteobacteria;Enterobacteriales;Enterobacteriaceae;Budvicia;
0.0000	0.0000	0.0000	0.0000	0.0000	0.0038	0.0000	Bacteria;Proteobacteria;Gammaproteobacteria;Enterobacteriales;Enterobacteriaceae;Buttiauxella;
0.0000	0.0000	0.0000	0.0000	0.0042	0.0000	0.0000	Bacteria;Proteobacteria;Gammaproteobacteria;Enterobacteriales;Enterobacteriaceae;Candidatus Blochmannia;
0.0000	0.0000	0.0000	0.0000	0.0042	0.0000	0.0000	Bacteria;Proteobacteria;Gammaproteobacteria;Enterobacteriales;Enterobacteriaceae;Candidatus Rosenkranzia;
0.0040	0.0000	0.0000	0.0000	0.0000	0.0000	0.0000	Bacteria;Proteobacteria;Gammaproteobacteria;Enterobacteriales;Enterobacteriaceae;Cedecea;
0.1953	0.0524	0.0485	0.7008	1.6644	0.3409	0.2634	Bacteria;Proteobacteria;Gammaproteobacteria;Enterobacteriales;Enterobacteriaceae;Citrobacter;
0.0000	0.0000	0.0000	0.0000	0.0000	0.0038	0.0000	Bacteria;Proteobacteria;Gammaproteobacteria;Enterobacteriales;Enterobacteriaceae;Cronobacter;
1.5386	0.2373	0.5557	0.4658	0.1961	1.1798	0.1890	Bacteria;Proteobacteria;Gammaproteobacteria;Enterobacteriales;Enterobacteriaceae;Enterobacter;
0.0000	0.0000	0.0000	0.0000	0.0042	0.0000	0.0000	Bacteria;Proteobacteria;Gammaproteobacteria;Enterobacteriales;Enterobacteriaceae;Erwinia;
0.0478	0.0105	0.0088	0.0378	0.1126	0.0766	0.0115	Bacteria;Proteobacteria;Gammaproteobacteria;Enterobacteriales;Enterobacteriaceae;Escherichia-Shigella;
0.0000	0.0035	0.0000	0.0000	0.0417	0.0306	0.0172	Bacteria;Proteobacteria;Gammaproteobacteria;Enterobacteriales;Enterobacteriaceae;Klebsiella;
0.0040	0.0035	0.0000	0.0000	0.0000	0.0038	0.0000	Bacteria;Proteobacteria;Gammaproteobacteria;Enterobacteriales;Enterobacteriaceae;Lelliottia;
0.0080	0.0000	0.0000	0.0000	0.0042	0.0038	0.0000	Bacteria;Proteobacteria;Gammaproteobacteria;Enterobacteriales;Enterobacteriaceae;Pantoea;
0.0040	0.0000	0.0000	0.0000	0.0000	0.0000	0.0000	Bacteria;Proteobacteria;Gammaproteobacteria;Enterobacteriales;Enterobacteriaceae;Phaseolibacter;
0.0000	0.0035	0.0044	0.0000	0.0167	0.0000	0.0000	Bacteria;Proteobacteria;Gammaproteobacteria;Enterobacteriales;Enterobacteriaceae;Plesiomonas;
0.0000	0.0000	0.0000	0.0000	0.0000	0.0038	0.0000	Bacteria;Proteobacteria;Gammaproteobacteria;Enterobacteriales;Enterobacteriaceae;Pragia;
0.0080	0.0035	0.0044	0.0168	0.0000	0.0115	0.0115	Bacteria;Proteobacteria;Gammaproteobacteria;Enterobacteriales;Enterobacteriaceae;Rahnella;
0.0518	0.0140	0.0176	0.0588	0.0542	0.0689	0.0057	Bacteria;Proteobacteria;Gammaproteobacteria;Enterobacteriales;Enterobacteriaceae;Raoultella;
0.0080	0.0000	0.0000	0.0000	0.0042	0.0038	0.0000	Bacteria;Proteobacteria;Gammaproteobacteria;Enterobacteriales;Enterobacteriaceae;Rosenbergiella;
0.6736	0.1291	0.1764	0.4197	0.7050	0.5516	0.1489	Bacteria;Proteobacteria;Gammaproteobacteria;Enterobacteriales;Enterobacteriaceae;Serratia;
0.0717	0.0035	0.0000	0.0168	0.0083	0.0038	0.0057	Bacteria;Proteobacteria;Gammaproteobacteria;Enterobacteriales;Enterobacteriaceae;Yersinia;
0.0040	0.0000	0.0000	0.0000	0.0000	0.0038	0.0000	Bacteria;Proteobacteria;Gammaproteobacteria;Enterobacteriales;Enterobacteriaceae;uncultured;
0.0399	0.0000	0.0132	0.0042	0.0250	0.0077	0.0115	Bacteria;Proteobacteria;Gammaproteobacteria;Gammaproteobacteria Incertae Sedis;Unknown Family;Marinicella;
0.0000	0.0000	0.0000	0.0084	0.0000	0.0000	0.0000	Bacteria;Proteobacteria;Gammaproteobacteria;Gammaproteobacteria Incertae Sedis;Unknown Family;Sedimenticola;
0.0000	0.0000	0.0044	0.0000	0.0000	0.0000	0.0000	Bacteria;Proteobacteria;Gammaproteobacteria;Gammaproteobacteria Incertae Sedis;Unknown Family;Thiohalomonas;
0.0040	0.0000	0.0000	0.0042	0.0000	0.0000	0.0057	Bacteria;Proteobacteria;Gammaproteobacteria;Gammaproteobacteria Incertae Sedis;Unknown Family;Thiohalophilus;
0.0000	0.0000	0.0000	0.0042	0.0000	0.0000	0.0000	Bacteria;Proteobacteria;Gammaproteobacteria;Gammaproteobacteria Incertae Sedis;Unknown Family;Thiolapillus;
0.0000	0.0035	0.0000	0.0000	0.0000	0.0000	0.0000	Bacteria;Proteobacteria;Gammaproteobacteria;Gammaproteobacteria Incertae Sedis;Unknown Family;Wenzhouxiangella;
0.3906	1.6647	0.3131	0.8981	0.3879	1.2449	0.8075	Bacteria;Proteobacteria;Gammaproteobacteria;Gammaproteobacteria Incertae Sedis;Unknown Family;uncultured;
0.0000	0.0000	0.0000	0.0084	0.0000	0.0000	0.0000	Bacteria;Proteobacteria;Gammaproteobacteria;HOC36;
0.0199	0.0070	0.0221	0.0965	0.0209	0.0536	0.0172	Bacteria;Proteobacteria;Gammaproteobacteria;HTA4;
0.0000	0.0000	0.0000	0.0042	0.0000	0.0000	0.0000	Bacteria;Proteobacteria;Gammaproteobacteria;I3A;
0.4624	0.2199	0.3219	0.2686	0.3754	0.3026	0.3837	Bacteria;Proteobacteria;Gammaproteobacteria;KI89A clade;
0.1196	0.0907	0.0794	0.5791	0.0459	0.0153	0.0916	Bacteria;Proteobacteria;Gammaproteobacteria;Legionellales;Coxiellaceae;Coxiella;
0.0359	0.0000	0.0000	0.0252	0.0167	0.0000	0.0115	Bacteria;Proteobacteria;Gammaproteobacteria;Legionellales;Legionellaceae;uncultured;
0.0000	0.0000	0.0000	0.0042	0.0000	0.0000	0.0000	Bacteria;Proteobacteria;Gammaproteobacteria;Methylococcales;Methylococcaceae;Methylomonas;
0.0000	0.0035	0.0000	0.0042	0.0000	0.0153	0.0000	Bacteria;Proteobacteria;Gammaproteobacteria;Methylococcales;Methylococcaceae;Methylovulum;
0.0239	0.0000	0.0044	0.0042	0.0000	0.0192	0.0000	Bacteria;Proteobacteria;Gammaproteobacteria;Oceanospirillales;
0.0000	0.0035	0.0000	0.0000	0.0000	0.0000	0.0000	Bacteria;Proteobacteria;Gammaproteobacteria;Oceanospirillales;2B4;
0.0000	0.0209	0.1852	0.0000	0.0083	0.0038	0.0630	Bacteria;Proteobacteria;Gammaproteobacteria;Oceanospirillales;Alcanivoracaceae;Alcanivorax;
0.0159	0.0000	0.0000	0.0252	0.0083	0.0268	0.0057	Bacteria;Proteobacteria;Gammaproteobacteria;Oceanospirillales;Alcanivoracaceae;Kangiella;
0.0000	0.0035	0.0000	0.0000	0.0000	0.0000	0.0000	Bacteria;Proteobacteria;Gammaproteobacteria;Oceanospirillales;BPS-CK174;
0.0080	0.0070	0.0000	0.0084	0.0000	0.0077	0.0000	Bacteria;Proteobacteria;Gammaproteobacteria;Oceanospirillales;CrystalBog021C3;
0.0120	0.0035	0.0221	0.0168	0.0000	0.0000	0.0057	Bacteria;Proteobacteria;Gammaproteobacteria;Oceanospirillales;Hahellaceae;Endozoicomonas;
0.0000	0.0035	0.0000	0.0000	0.0000	0.0000	0.0000	Bacteria;Proteobacteria;Gammaproteobacteria;Oceanospirillales;Hahellaceae;Hahella;
0.0040	0.0000	0.0000	0.0000	0.0000	0.0000	0.0000	Bacteria;Proteobacteria;Gammaproteobacteria;Oceanospirillales;Hahellaceae;Kistimonas;
0.0000	0.0035	0.0000	0.0000	0.0042	0.0000	0.0000	Bacteria;Proteobacteria;Gammaproteobacteria;Oceanospirillales;Halomonadaceae;Chromohalobacter;
0.0199	0.0070	0.6483	0.0000	0.0209	0.0192	0.0115	Bacteria;Proteobacteria;Gammaproteobacteria;Oceanospirillales;Halomonadaceae;Halomonas;
0.0040	0.0035	0.0000	0.0000	0.0042	0.0038	0.0057	Bacteria;Proteobacteria;Gammaproteobacteria;Oceanospirillales;Halomonadaceae;Salinicola;
0.0000	0.0000	0.6792	0.0000	0.0417	0.0000	0.3207	Bacteria;Proteobacteria;Gammaproteobacteria;Oceanospirillales;J8P41000-1F04;
0.0120	0.0035	0.0397	0.0042	0.0292	0.0192	0.0916	Bacteria;Proteobacteria;Gammaproteobacteria;Oceanospirillales;JL-ETNP-Y6;
0.0199	0.0279	0.0176	0.0839	0.0042	0.0421	0.0057	Bacteria;Proteobacteria;Gammaproteobacteria;Oceanospirillales;Litoricolaceae;Litoricola;
0.0040	0.0000	0.0000	0.0000	0.0000	0.0000	0.0057	Bacteria;Proteobacteria;Gammaproteobacteria;Oceanospirillales;Nit5Au0613-695;
0.3986	0.2059	0.1323	0.8687	0.0709	0.1800	0.2348	Bacteria;Proteobacteria;Gammaproteobacteria;Oceanospirillales;OM182 clade;
0.0000	0.0000	0.0000	0.0042	0.0000	0.0000	0.0000	Bacteria;Proteobacteria;Gammaproteobacteria;Oceanospirillales;Oceanospirillaceae;
0.0199	0.0000	0.0309	0.0000	0.0667	0.0383	0.0172	Bacteria;Proteobacteria;Gammaproteobacteria;Oceanospirillales;Oceanospirillaceae;Balneatrix;
0.0000	0.0000	0.0000	0.0042	0.0000	0.0000	0.0000	Bacteria;Proteobacteria;Gammaproteobacteria;Oceanospirillales;Oceanospirillaceae;Litoribacillus;
0.0797	0.0419	0.0485	0.0588	0.0459	0.0575	0.0172	Bacteria;Proteobacteria;Gammaproteobacteria;Oceanospirillales;Oceanospirillaceae;Marinobacterium;
0.0199	0.0000	0.0000	0.0000	0.0000	0.0115	0.0000	Bacteria;Proteobacteria;Gammaproteobacteria;Oceanospirillales;Oceanospirillaceae;Marinomonas;
0.0080	0.0000	0.0000	0.0084	0.0000	0.0000	0.0000	Bacteria;Proteobacteria;Gammaproteobacteria;Oceanospirillales;Oceanospirillaceae;Motiliproteus;
0.0000	0.0000	0.0000	0.0000	0.0000	0.0000	0.0057	Bacteria;Proteobacteria;Gammaproteobacteria;Oceanospirillales;Oceanospirillaceae;Neptuniibacter;
0.0040	0.0000	0.0000	0.0000	0.0000	0.0000	0.0000	Bacteria;Proteobacteria;Gammaproteobacteria;Oceanospirillales;Oceanospirillaceae;Oceaniserpentilla;
0.0000	0.0000	0.0000	0.0000	0.0000	0.0000	0.0057	Bacteria;Proteobacteria;Gammaproteobacteria;Oceanospirillales;Oceanospirillaceae;Oceanobacter;
0.0000	0.0000	0.0000	0.0000	0.0000	0.0038	0.0000	Bacteria;Proteobacteria;Gammaproteobacteria;Oceanospirillales;Oceanospirillaceae;Oleibacter;
0.0080	0.0000	0.0000	0.0000	0.0000	0.0038	0.0057	Bacteria;Proteobacteria;Gammaproteobacteria;Oceanospirillales;Oceanospirillaceae;Oleispira;
0.5341	0.1815	0.5116	0.1427	0.1877	0.3333	1.3630	Bacteria;Proteobacteria;Gammaproteobacteria;Oceanospirillales;Oceanospirillaceae;Pseudohongiella;
0.0000	0.0000	0.0000	0.0000	0.0042	0.0000	0.0000	Bacteria;Proteobacteria;Gammaproteobacteria;Oceanospirillales;Oceanospirillaceae;Thalassolituus;
0.0000	0.0000	0.0000	0.0000	0.0000	0.0038	0.0057	Bacteria;Proteobacteria;Gammaproteobacteria;Oceanospirillales;Oceanospirillaceae;uncultured;
0.0000	0.0000	0.0000	0.0042	0.0000	0.0000	0.0000	Bacteria;Proteobacteria;Gammaproteobacteria;Oceanospirillales;Oceanospirillales Incertae Sedis;Gynuella;
0.0120	0.0000	0.0000	0.0042	0.0167	0.0766	0.0057	Bacteria;Proteobacteria;Gammaproteobacteria;Oceanospirillales;Oleiphilaceae;Oleiphilus;
9.8972	8.8403	8.1014	3.4160	7.4626	9.8675	4.9138	Bacteria;Proteobacteria;Gammaproteobacteria;Oceanospirillales;SAR86 clade;
0.0159	0.0000	0.0044	0.0252	0.0000	0.0000	0.0057	Bacteria;Proteobacteria;Gammaproteobacteria;Oceanospirillales;SS1-B-06-26;
0.0000	0.0000	0.0044	0.0000	0.0000	0.0000	0.0344	Bacteria;Proteobacteria;Gammaproteobacteria;Oceanospirillales;SUP05 cluster;
0.0000	0.0035	0.0000	0.0000	0.0000	0.0000	0.0000	Bacteria;Proteobacteria;Gammaproteobacteria;Oceanospirillales;TBZ33;
0.1674	0.0000	0.1367	0.0000	0.4171	0.0000	1.0022	Bacteria;Proteobacteria;Gammaproteobacteria;Oceanospirillales;ZD0405;
0.0000	0.0000	0.0044	0.0042	0.0000	0.0000	0.0057	Bacteria;Proteobacteria;Gammaproteobacteria;PYR10d3;
0.0000	0.0035	0.0000	0.0000	0.0000	0.0000	0.0000	Bacteria;Proteobacteria;Gammaproteobacteria;Pasteurellales;Pasteurellaceae;Actinobacillus;
0.0239	0.0000	0.0044	0.0000	0.0083	0.0077	0.0286	Bacteria;Proteobacteria;Gammaproteobacteria;Pseudomonadales;Moraxellaceae;Acinetobacter;
0.0000	0.0000	0.0000	0.0000	0.0083	0.0000	0.0000	Bacteria;Proteobacteria;Gammaproteobacteria;Pseudomonadales;Moraxellaceae;Alkanindiges;
0.0080	0.0000	0.0000	0.0000	0.0000	0.0000	0.0000	Bacteria;Proteobacteria;Gammaproteobacteria;Pseudomonadales;Moraxellaceae;Enhydrobacter;
0.0000	0.0000	0.0000	0.0042	0.0000	0.0000	0.0000	Bacteria;Proteobacteria;Gammaproteobacteria;Pseudomonadales;Moraxellaceae;Moraxella;
0.0000	0.0000	0.0000	0.0000	0.0000	0.0000	0.0115	Bacteria;Proteobacteria;Gammaproteobacteria;Pseudomonadales;Moraxellaceae;Perlucidibaca;
0.0199	0.0000	0.0044	0.0000	0.0209	0.0000	0.0115	Bacteria;Proteobacteria;Gammaproteobacteria;Pseudomonadales;Moraxellaceae;Psychrobacter;
0.0000	0.0000	0.0000	0.0042	0.0000	0.0000	0.0000	Bacteria;Proteobacteria;Gammaproteobacteria;Pseudomonadales;Pseudomonadaceae;Azotobacter;
0.1355	0.0175	0.0706	0.0588	0.2795	0.0460	0.0745	Bacteria;Proteobacteria;Gammaproteobacteria;Pseudomonadales;Pseudomonadaceae;Pseudomonas;
0.0000	0.0000	0.0000	0.0084	0.0000	0.0000	0.0000	Bacteria;Proteobacteria;Gammaproteobacteria;SS1-B-09-64;
0.0000	0.0000	0.0044	0.0000	0.0000	0.0000	0.1718	Bacteria;Proteobacteria;Gammaproteobacteria;Salinisphaerales;Salinisphaeraceae;Oceanococcus;
0.0000	0.0454	0.1852	0.0000	0.0083	0.0000	0.0057	Bacteria;Proteobacteria;Gammaproteobacteria;Salinisphaerales;Salinisphaeraceae;Salinisphaera;
1.1121	0.0803	0.5777	0.7680	0.1293	0.2260	1.2428	Bacteria;Proteobacteria;Gammaproteobacteria;Salinisphaerales;Salinisphaeraceae;ZD0417 marine group;
0.0040	0.0000	0.0088	0.0588	0.0000	0.0000	0.0000	Bacteria;Proteobacteria;Gammaproteobacteria;Sva0071;
0.0000	0.0035	0.0000	0.0000	0.0000	0.0000	0.0000	Bacteria;Proteobacteria;Gammaproteobacteria;Thiotrichales;
0.0000	0.0000	0.0000	0.0084	0.0000	0.0000	0.0000	Bacteria;Proteobacteria;Gammaproteobacteria;Thiotrichales;1G93;
0.0000	0.0035	0.0088	0.0042	0.0000	0.0000	0.0000	Bacteria;Proteobacteria;Gammaproteobacteria;Thiotrichales;EV818SWSAP88;
0.0040	0.0000	0.0044	0.0000	0.0042	0.0038	0.0057	Bacteria;Proteobacteria;Gammaproteobacteria;Thiotrichales;Francisellaceae;Francisella;
0.0000	0.0000	0.0000	0.0000	0.0000	0.0000	0.0057	Bacteria;Proteobacteria;Gammaproteobacteria;Thiotrichales;Gven-D09;
0.0000	0.0000	0.0000	0.0210	0.0000	0.0000	0.0000	Bacteria;Proteobacteria;Gammaproteobacteria;Thiotrichales;H2-104-2;
0.0000	0.0000	0.0000	0.0000	0.0000	0.0000	0.0458	Bacteria;Proteobacteria;Gammaproteobacteria;Thiotrichales;Piscirickettsiaceae;Cycloclasticus;
0.0040	0.0000	0.0000	0.0000	0.0083	0.0000	0.0000	Bacteria;Proteobacteria;Gammaproteobacteria;Thiotrichales;Piscirickettsiaceae;Marine Methylotrophic Group 3;
0.0000	0.0000	0.0000	0.0000	0.0000	0.0000	0.0115	Bacteria;Proteobacteria;Gammaproteobacteria;Thiotrichales;Piscirickettsiaceae;Methylophaga;
0.0000	0.0000	0.0000	0.0042	0.0000	0.0000	0.0000	Bacteria;Proteobacteria;Gammaproteobacteria;Thiotrichales;Piscirickettsiaceae;endosymbionts;
0.0040	0.0000	0.0044	0.0084	0.0000	0.0000	0.0000	Bacteria;Proteobacteria;Gammaproteobacteria;Thiotrichales;Piscirickettsiaceae;uncultured;
0.0080	0.0000	0.0044	0.0000	0.0000	0.0000	0.0000	Bacteria;Proteobacteria;Gammaproteobacteria;Thiotrichales;Thiotrichaceae;Cocleimonas;
0.0080	0.0000	0.0132	0.0000	0.0000	0.0000	0.0000	Bacteria;Proteobacteria;Gammaproteobacteria;Thiotrichales;Thiotrichaceae;Leucothrix;
0.0000	0.0000	0.0000	0.0042	0.0000	0.0000	0.0000	Bacteria;Proteobacteria;Gammaproteobacteria;Thiotrichales;Thiotrichaceae;Methylohalomonas;
0.0877	0.2024	0.0353	0.0462	0.1585	0.0498	0.1088	Bacteria;Proteobacteria;Gammaproteobacteria;Thiotrichales;Thiotrichaceae;Thiothrix;
0.0040	0.0035	0.0044	0.0084	0.0000	0.0000	0.0000	Bacteria;Proteobacteria;Gammaproteobacteria;Thiotrichales;Thiotrichaceae;uncultured;
0.0080	0.0105	0.0044	0.0210	0.0042	0.0192	0.0057	Bacteria;Proteobacteria;Gammaproteobacteria;Thiotrichales;Thiotrichales Incertae Sedis;Caedibacter;
0.0199	0.0454	0.0485	0.0629	0.0000	0.0000	0.0745	Bacteria;Proteobacteria;Gammaproteobacteria;Thiotrichales;Thiotrichales Incertae Sedis;Candidatus Endoecteinascidia;
0.0080	0.0000	0.0000	0.0000	0.0125	0.0115	0.0057	Bacteria;Proteobacteria;Gammaproteobacteria;Thiotrichales;uncultured;
0.0040	0.0035	0.0044	0.0084	0.0167	0.0000	0.0000	Bacteria;Proteobacteria;Gammaproteobacteria;Vibrionales;Vibrionaceae;Enterovibrio;
0.0159	0.0140	0.0088	0.0168	0.0292	0.0230	0.0000	Bacteria;Proteobacteria;Gammaproteobacteria;Vibrionales;Vibrionaceae;Grimontia;
0.0638	0.0035	0.0132	0.0336	0.0459	0.0153	0.0229	Bacteria;Proteobacteria;Gammaproteobacteria;Vibrionales;Vibrionaceae;Photobacterium;
0.3029	0.2443	0.0882	0.1049	0.2670	0.2528	0.0057	Bacteria;Proteobacteria;Gammaproteobacteria;Vibrionales;Vibrionaceae;Vibrio;
0.0239	0.0035	0.0000	0.0000	0.0334	0.0383	0.0000	Bacteria;Proteobacteria;Gammaproteobacteria;Vibrionales;Vibrionaceae;uncultured;
0.0000	0.0000	0.0000	0.0042	0.0000	0.0000	0.0000	Bacteria;Proteobacteria;Gammaproteobacteria;X35;
0.0000	0.0000	0.0000	0.0000	0.0000	0.0000	0.0057	Bacteria;Proteobacteria;Gammaproteobacteria;Xanthomonadales;Algiphilaceae;Algiphilus;
0.2152	0.1326	0.1455	1.0366	0.3546	0.0766	0.2978	Bacteria;Proteobacteria;Gammaproteobacteria;Xanthomonadales;JTB255 marine benthic group;
0.0000	0.0000	0.0088	0.0000	0.0000	0.0000	0.0000	Bacteria;Proteobacteria;Gammaproteobacteria;Xanthomonadales;Nevskiaceae;Nevskia;
0.0000	0.0000	0.0044	0.0000	0.0083	0.0000	0.0000	Bacteria;Proteobacteria;Gammaproteobacteria;Xanthomonadales;Solimonadaceae;Fontimonas;
0.0000	0.0000	0.0132	0.0000	0.0000	0.0000	0.0115	Bacteria;Proteobacteria;Gammaproteobacteria;Xanthomonadales;Solimonadaceae;Polycyclovorans;
0.0040	0.0000	0.0000	0.0000	0.0125	0.0000	0.0000	Bacteria;Proteobacteria;Gammaproteobacteria;Xanthomonadales;Xanthomonadaceae;Pseudoxanthomonas;
0.1116	0.0314	0.0265	0.0462	0.0751	0.0613	0.0057	Bacteria;Proteobacteria;Gammaproteobacteria;Xanthomonadales;Xanthomonadaceae;Stenotrophomonas;
0.0000	0.0000	0.0044	0.0000	0.0000	0.0000	0.0000	Bacteria;Proteobacteria;Gammaproteobacteria;Xanthomonadales;Xanthomonadales Incertae Sedis;Steroidobacter;
0.0239	0.0000	0.0176	0.0713	0.0000	0.0038	0.2405	Bacteria;Proteobacteria;Gammaproteobacteria;Xanthomonadales;uncultured;
0.0399	0.0070	0.0617	0.3189	0.0083	0.0000	0.0802	Bacteria;Proteobacteria;Gammaproteobacteria;uncultured;
0.0000	0.0000	0.0000	0.0084	0.0000	0.0000	0.0057	Bacteria;Proteobacteria;JTB23;
0.0239	0.0035	0.0176	0.0252	0.0042	0.0077	0.0401	Bacteria;Proteobacteria;JdFBHP3;
0.0000	0.0000	0.0000	0.0126	0.0000	0.0000	0.0000	Bacteria;Proteobacteria;MACA-EFT26;
0.0000	0.0000	0.0044	0.0042	0.0000	0.0000	0.0000	Bacteria;Proteobacteria;Proteobacteria Incertae Sedis;Unknown Order;Unknown Family;Candidatus Tenderia;
0.1116	0.0838	0.0662	0.1595	0.0083	0.0306	0.3150	Bacteria;Proteobacteria;SPOTSOCT00m83;
0.0000	0.0000	0.0000	0.0000	0.0000	0.0000	0.0057	Bacteria;Proteobacteria;Skagenf62;
0.0000	0.0000	0.0000	0.0084	0.0000	0.0000	0.0000	Bacteria;Proteobacteria;pItb-vmat-80;
0.0000	0.0000	0.0000	0.0252	0.0000	0.0000	0.0000	Bacteria;RBG-1 (Zixibacteria);
0.2511	0.2757	0.1940	0.0965	0.0667	0.0843	0.8304	Bacteria;SBR1093;
0.0080	0.0000	0.0000	0.0042	0.0000	0.0000	0.0000	Bacteria;SR1 (Absconditabacteria);
0.0000	0.0000	0.0000	0.0042	0.0000	0.0000	0.0000	Bacteria;Saccharibacteria;
0.0000	0.0035	0.0000	0.0000	0.0000	0.0000	0.0000	Bacteria;Spirochaetae;Spirochaetes;Spirochaetales;Brevinemataceae;Brevinema;
0.0080	0.0000	0.0000	0.0210	0.0000	0.0000	0.0000	Bacteria;Spirochaetae;Spirochaetes;Spirochaetales;Spirochaetaceae;Spirochaeta 2;
0.0080	0.0000	0.0000	0.0126	0.0000	0.0000	0.0057	Bacteria;TM6 (Dependentiae);
0.0000	0.0000	0.0044	0.0000	0.0000	0.0000	0.0000	Bacteria;Tectomicrobia;
0.0000	0.0000	0.0000	0.0042	0.0000	0.0000	0.0000	Bacteria;Tectomicrobia;Tectomicrobia Incertae Sedis;Unknown Order;Unknown Family;Candidatus Entotheonella;
0.0000	0.0000	0.0000	0.0084	0.0042	0.0000	0.0000	Bacteria;Tenericutes;Mollicutes;Acholeplasmatales;Acholeplasmataceae;Acholeplasma;
0.0917	0.1012	0.0706	0.2182	0.0209	0.0498	0.0802	Bacteria;Verrucomicrobia;Arctic97B-4 marine group;
0.1036	0.0140	0.0265	0.3525	0.0083	0.0268	0.1374	Bacteria;Verrucomicrobia;OPB35 soil group;
0.0000	0.0000	0.0000	0.0042	0.0000	0.0000	0.0000	Bacteria;Verrucomicrobia;OPB35 soil group;Unknown Order;Unknown Family;Pedosphaera;
0.0319	0.0105	0.0044	0.0084	0.0000	0.0038	0.0057	Bacteria;Verrucomicrobia;Opitutae;A714019;
0.2073	0.0907	0.0970	0.1679	0.0042	0.0038	0.0458	Bacteria;Verrucomicrobia;Opitutae;MB11C04 marine group;
0.0080	0.0070	0.0132	0.0168	0.0000	0.0000	0.0057	Bacteria;Verrucomicrobia;Opitutae;Puniceicoccales;Puniceicoccaceae;Cerasicoccus;
1.6143	1.4519	0.0000	0.0000	0.0125	0.0421	0.0000	Bacteria;Verrucomicrobia;Opitutae;Puniceicoccales;Puniceicoccaceae;Coraliomargarita;
0.0080	0.0070	0.0309	0.0755	0.0042	0.0077	0.0000	Bacteria;Verrucomicrobia;Opitutae;Puniceicoccales;Puniceicoccaceae;Lentimonas;
0.0239	0.0140	0.0132	0.0084	0.0042	0.0038	0.0057	Bacteria;Verrucomicrobia;Opitutae;Puniceicoccales;Puniceicoccaceae;Pelagicoccus;
0.0000	0.0489	0.0000	0.0000	0.0000	0.0077	0.0344	Bacteria;Verrucomicrobia;Opitutae;Puniceicoccales;Puniceicoccaceae;marine group;
0.0080	0.0000	0.0000	0.0294	0.0000	0.0230	0.0000	Bacteria;Verrucomicrobia;Opitutae;Puniceicoccales;Puniceicoccaceae;uncultured;
0.0638	0.5340	0.0000	0.0042	0.0083	0.1877	0.0000	Bacteria;Verrucomicrobia;R76-B128;
0.0000	0.0000	0.0000	0.0126	0.0000	0.0000	0.0000	Bacteria;Verrucomicrobia;S-BQ2-57 soil group;
0.4703	0.0768	0.1235	0.4029	0.2711	0.0345	0.0916	Bacteria;Verrucomicrobia;Verrucomicrobiae;Verrucomicrobiales;DEV007;
0.0638	0.0244	0.0088	0.0084	0.0584	0.0000	0.0057	Bacteria;Verrucomicrobia;Verrucomicrobiae;Verrucomicrobiales;Rubritaleaceae;Rubritalea;
0.0040	0.0000	0.0000	0.0000	0.0000	0.0000	0.0000	Bacteria;Verrucomicrobia;Verrucomicrobiae;Verrucomicrobiales;Verrucomicrobiaceae;Haloferula;
0.0080	0.0000	0.0000	0.0084	0.0042	0.0651	0.0000	Bacteria;Verrucomicrobia;Verrucomicrobiae;Verrucomicrobiales;Verrucomicrobiaceae;Persicirhabdus;
0.1634	0.0000	0.2029	0.0294	0.0459	0.0153	0.0401	Bacteria;Verrucomicrobia;Verrucomicrobiae;Verrucomicrobiales;Verrucomicrobiaceae;Roseibacillus;
0.0199	0.0000	0.0044	0.0000	0.0000	0.0000	0.0000	Bacteria;Verrucomicrobia;Verrucomicrobiae;Verrucomicrobiales;Verrucomicrobiaceae;uncultured;
0.0080	0.0000	0.0000	0.1679	0.0000	0.0000	0.0000	Bacteria;Verrucomicrobia;WCHB1-41;
1.2954	1.4449	3.0827	1.8087	4.8054	3.0070	3.4534	No Relative
