OSD188_6_14_RI	OSD189_6_14_YNG	OSD190_6_14_KI	OSD191_6_14_DRW	OSD31_6_14_PH	OSD32_6_14_NSI	OSD33_6_14_MI
0	0	0	1	0	0	0	Archaea;
0	0	0	1	0	0	0	Archaea;Aenigmarchaeota
0	0	1	3	0	0	7	Archaea;Bathyarchaeota
1340	1676	1859	970	564	1744	1682	Archaea;Euryarchaeota
0	0	0	1	0	0	0	Archaea;Lokiarchaeota
0	0	0	1	0	0	0	Archaea;Marine Hydrothermal Vent Group(MHVG)
0	0	0	1	0	0	0	Archaea;Miscellaneous Euryarchaeotic Group(MEG)
229	4	680	260	61	15	1457	Archaea;Thaumarchaeota
0	0	0	1	0	0	0	Archaea;WSA2
1	8	1	56	2	8	11	Archaea;Woesearchaeota (DHVEG-6)
0	0	0	2	0	0	0	Bacteria;Acetothermia
6	0	5	78	1	0	3	Bacteria;Acidobacteria
1961	1610	919	2479	2187	2180	1071	Bacteria;Actinobacteria
0	0	0	7	0	0	0	Bacteria;Armatimonadetes
0	0	0	3	0	0	0	Bacteria;BRC1
3148	2166	3435	2888	4898	2245	1090	Bacteria;Bacteroidetes
8	1	2	14	2	4	8	Bacteria;Chlamydiae
0	14	1	22	2	6	0	Bacteria;Chlorobi
194	262	108	86	28	76	366	Bacteria;Chloroflexi
3818	7177	5022	5587	5263	8326	2406	Bacteria;Cyanobacteria
0	0	0	12	0	0	0	Bacteria;Deferribacteres
1	0	0	6	2	0	0	Bacteria;Deinococcus-Thermus
0	1	1	5	0	0	0	Bacteria;Elusimicrobia
0	0	0	1	0	0	0	Bacteria;FCPU426
0	0	1	4	3	3	0	Bacteria;Fibrobacteres
11	7	5	7	4	3	0	Bacteria;Firmicutes
2	0	1	3	0	0	0	Bacteria;Fusobacteria
35	1	21	106	3	1	141	Bacteria;Gemmatimonadetes
0	1	0	16	1	0	0	Bacteria;Gracilibacteria
0	0	0	13	0	0	1	Bacteria;Hydrogenedentes
0	0	0	3	0	0	0	Bacteria;Ignavibacteriae
2	0	0	19	0	0	0	Bacteria;Latescibacteria
5	5	8	65	5	24	0	Bacteria;Lentisphaerae
1548	1349	1498	1285	869	887	1097	Bacteria;Marinimicrobia (SAR406 clade)
0	0	0	2	0	0	0	Bacteria;Microgenomates
2	0	5	3	0	0	68	Bacteria;Nitrospinae
3	0	0	26	0	1	0	Bacteria;Nitrospirae
2	0	2	9	0	0	2	Bacteria;Omnitrophica
11	1	7	5	1	1	17	Bacteria;PAUC34f
0	1	1	6	2	0	1	Bacteria;Parcubacteria
0	0	0	2	0	0	0	Bacteria;Peregrinibacteria
280	51	193	316	46	31	68	Bacteria;Planctomycetes
5	0	1	0	0	0	1	Bacteria;Poribacteria
11355	13142	8019	8620	8754	9621	7136	Bacteria;Proteobacteria
0	0	0	6	0	0	0	Bacteria;RBG-1 (Zixibacteria)
63	79	44	23	16	22	145	Bacteria;SBR1093
2	0	0	1	0	0	0	Bacteria;SR1 (Absconditabacteria)
0	0	0	1	0	0	0	Bacteria;Saccharibacteria
2	1	0	5	0	0	0	Bacteria;Spirochaetae
2	0	0	3	0	0	1	Bacteria;TM6 (Dependentiae)
0	0	1	1	0	0	0	Bacteria;Tectomicrobia
0	0	0	2	1	0	0	Bacteria;Tenericutes
727	682	135	361	106	123	79	Bacteria;Verrucomicrobia
325	414	699	431	1152	785	603	No Relative
