OSD188_6_14_RI	OSD189_6_14_YNG	OSD190_6_14_KI	OSD191_6_14_DRW	OSD31_6_14_PH	OSD32_6_14_NSI	OSD33_6_14_MI
0	0	0	1	0	0	0	Archaea;
0	0	0	1	0	0	0	Archaea;Aenigmarchaeota;Deep Sea Euryarchaeotic Group(DSEG);
0	0	1	3	0	0	7	Archaea;Bathyarchaeota;
0	1	0	0	0	0	0	Archaea;Euryarchaeota;Halobacteria;Halobacteriales;Halobacteriaceae;Halococcus;
0	1	0	0	0	0	0	Archaea;Euryarchaeota;Halobacteria;Halobacteriales;Halobacteriaceae;Halorubrum;
0	0	0	0	1	0	0	Archaea;Euryarchaeota;Halobacteria;Halobacteriales;Halobacteriaceae;Natronomonas;
3	1	0	0	0	0	2	Archaea;Euryarchaeota;Halobacteria;Halobacteriales;Halobacteriaceae;uncultured;
0	0	0	1	0	0	0	Archaea;Euryarchaeota;Thermoplasmata;Thermoplasmatales;AMOS1A-4113-D04;
0	0	0	4	0	0	0	Archaea;Euryarchaeota;Thermoplasmata;Thermoplasmatales;CCA47;
0	0	0	1	0	0	0	Archaea;Euryarchaeota;Thermoplasmata;Thermoplasmatales;MKCST-A3;
1172	1473	1731	948	544	1591	1028	Archaea;Euryarchaeota;Thermoplasmata;Thermoplasmatales;Marine Group II;
165	200	128	16	19	153	652	Archaea;Euryarchaeota;Thermoplasmata;Thermoplasmatales;Marine Group III;
0	0	0	1	0	0	0	Archaea;Lokiarchaeota;
0	0	0	1	0	0	0	Archaea;Marine Hydrothermal Vent Group(MHVG);
0	0	0	1	0	0	0	Archaea;Miscellaneous Euryarchaeotic Group(MEG);
0	0	0	1	0	0	0	Archaea;Thaumarchaeota;Group C3;
1	0	1	71	2	0	1	Archaea;Thaumarchaeota;Marine Group I;
0	0	26	0	0	0	0	Archaea;Thaumarchaeota;Marine Group I;Unknown Order;Unknown Family;Candidatus Nitrosoarchaeum;
173	3	230	82	45	11	500	Archaea;Thaumarchaeota;Marine Group I;Unknown Order;Unknown Family;Candidatus Nitrosopelagicus;
55	1	423	106	14	4	956	Archaea;Thaumarchaeota;Marine Group I;Unknown Order;Unknown Family;Candidatus Nitrosopumilus;
0	0	0	1	0	0	0	Archaea;WSA2;20a-9;
1	8	1	56	2	8	11	Archaea;Woesearchaeota (DHVEG-6);
0	0	0	2	0	0	0	Bacteria;Acetothermia;Unknown Class;Unknown Order;Unknown Family;Candidatus Acetothermus;
0	0	0	1	0	0	0	Bacteria;Acidobacteria;AT-s3-28;
0	0	0	5	0	0	0	Bacteria;Acidobacteria;Blastocatellia;Blastocatellales;Blastocatellaceae (Subgroup 4);Blastocatella;
0	0	0	1	0	0	0	Bacteria;Acidobacteria;Holophagae;Acanthopleuribacterales;Acanthopleuribacteraceae;Acanthopleuribacter;
0	0	0	2	0	0	0	Bacteria;Acidobacteria;Holophagae;B276-D12;
0	0	0	1	0	0	0	Bacteria;Acidobacteria;Holophagae;Subgroup 10;NS72;
0	0	0	10	0	0	2	Bacteria;Acidobacteria;Holophagae;Subgroup 10;Sva0725;
0	0	0	0	1	0	0	Bacteria;Acidobacteria;Solibacteres;Solibacterales;Solibacteraceae (Subgroup 3);Bryobacter;
0	0	0	4	0	0	0	Bacteria;Acidobacteria;Solibacteres;Solibacterales;Solibacteraceae (Subgroup 3);PAUC26f;
1	0	0	0	0	0	0	Bacteria;Acidobacteria;Subgroup 17;
0	0	2	8	0	0	0	Bacteria;Acidobacteria;Subgroup 21;
4	0	2	40	0	0	0	Bacteria;Acidobacteria;Subgroup 22;
1	0	0	5	0	0	0	Bacteria;Acidobacteria;Subgroup 26;
0	0	0	0	0	0	1	Bacteria;Acidobacteria;Subgroup 6;
0	0	1	1	0	0	0	Bacteria;Acidobacteria;Subgroup 9;
3	0	0	2	0	0	0	Bacteria;Actinobacteria;Acidimicrobiia;Acidimicrobiales;Acidimicrobiaceae;Ilumatobacter;
3	11	1	23	19	5	0	Bacteria;Actinobacteria;Acidimicrobiia;Acidimicrobiales;Acidimicrobiaceae;uncultured;
3	0	0	23	0	0	0	Bacteria;Actinobacteria;Acidimicrobiia;Acidimicrobiales;OM1 clade;
1508	1280	669	2097	1721	1970	712	Bacteria;Actinobacteria;Acidimicrobiia;Acidimicrobiales;OM1 clade;Candidatus Actinomarina;
431	315	247	332	443	203	356	Bacteria;Actinobacteria;Acidimicrobiia;Acidimicrobiales;Sva0996 marine group;
1	0	1	0	1	0	0	Bacteria;Actinobacteria;Acidimicrobiia;Acidimicrobiales;uncultured;
1	0	0	0	0	0	0	Bacteria;Actinobacteria;Actinobacteria;Corynebacteriales;Dietziaceae;Dietzia;
0	2	0	0	0	0	0	Bacteria;Actinobacteria;Actinobacteria;Corynebacteriales;Nocardiaceae;Williamsia;
1	0	0	0	0	0	0	Bacteria;Actinobacteria;Actinobacteria;Micrococcales;Cellulomonadaceae;Actinotalea;
1	0	0	0	0	0	0	Bacteria;Actinobacteria;Actinobacteria;Micrococcales;Intrasporangiaceae;Serinicoccus;
0	0	0	0	1	0	0	Bacteria;Actinobacteria;Actinobacteria;Micrococcales;Microbacteriaceae;Lysinimonas;
0	0	0	0	1	0	0	Bacteria;Actinobacteria;Actinobacteria;Micrococcales;Microbacteriaceae;ML602J-51;
0	0	0	0	0	1	0	Bacteria;Actinobacteria;Actinobacteria;Micrococcales;Microbacteriaceae;Naasia;
1	0	0	0	0	0	0	Bacteria;Actinobacteria;Actinobacteria;Micrococcales;Micrococcaceae;Kocuria;
0	1	0	0	0	1	0	Bacteria;Actinobacteria;Actinobacteria;Micrococcales;Micrococcaceae;Rothia;
0	0	0	0	1	0	0	Bacteria;Actinobacteria;Actinobacteria;Micrococcales;Sanguibacteraceae;Sanguibacter;
8	1	0	1	0	0	1	Bacteria;Actinobacteria;Actinobacteria;PeM15;
0	0	0	1	0	0	0	Bacteria;Actinobacteria;Actinobacteria;Streptomycetales;Streptomycetaceae;Streptomyces;
0	0	0	0	0	0	1	Bacteria;Actinobacteria;Coriobacteriia;Coriobacteriales;Coriobacteriaceae;Olsenella;
0	0	1	0	0	0	0	Bacteria;Actinobacteria;Nitriliruptoria;Euzebyales;Euzebyaceae;Euzebya;
0	0	0	0	0	0	1	Bacteria;Actinobacteria;Thermoleophilia;Solirubrobacterales;YNPFFP1;
0	0	0	7	0	0	0	Bacteria;Armatimonadetes;Fimbriimonadia;Fimbriimonadales;Fimbriimonadaceae;
0	0	0	3	0	0	0	Bacteria;BRC1;
0	0	0	5	0	0	0	Bacteria;Bacteroidetes;Bacteroidetes BD2-2;
0	4	0	0	0	0	0	Bacteria;Bacteroidetes;Bacteroidetes Incertae Sedis;Order II;Rhodothermaceae;Rubrivirga;
5	0	1	25	0	0	0	Bacteria;Bacteroidetes;Bacteroidetes Incertae Sedis;Order II;Rhodothermaceae;uncultured;
8	18	0	6	1	5	1	Bacteria;Bacteroidetes;Bacteroidetes Incertae Sedis;Order III;Unknown Family;Balneola;
0	1	0	0	0	0	0	Bacteria;Bacteroidetes;Bacteroidetes Incertae Sedis;Order III;Unknown Family;Gracilimonas;
0	0	0	1	0	0	0	Bacteria;Bacteroidetes;Bacteroidetes Incertae Sedis;Order III;uncultured;
1	0	0	3	0	0	1	Bacteria;Bacteroidetes;Bacteroidia;Bacteroidales;Marinilabiaceae;uncultured;
2	0	3	1	0	0	0	Bacteria;Bacteroidetes;Bacteroidia;Bacteroidales;Prolixibacteraceae;Prolixibacter;
1	0	0	1	0	0	0	Bacteria;Bacteroidetes;Bacteroidia;Bacteroidales;Rikenellaceae;Rikenella;
0	0	0	1	0	0	0	Bacteria;Bacteroidetes;Bacteroidia;Bacteroidia Incertae Sedis;Draconibacteriaceae;Draconibacterium;
0	0	0	0	0	0	1	Bacteria;Bacteroidetes;Cytophagia;Cytophagales;Cyclobacteriaceae;Cyclobacterium;
0	0	0	1	0	0	0	Bacteria;Bacteroidetes;Cytophagia;Cytophagales;Cytophagaceae;Microscilla;
0	0	0	0	0	1	0	Bacteria;Bacteroidetes;Cytophagia;Cytophagales;Cytophagaceae;Sporocytophaga;
0	0	1	0	0	0	1	Bacteria;Bacteroidetes;Cytophagia;Cytophagales;Cytophagaceae;uncultured;
1	0	1	0	0	0	0	Bacteria;Bacteroidetes;Cytophagia;Cytophagales;Flammeovirgaceae;Aureibacter;
0	1	0	2	0	2	0	Bacteria;Bacteroidetes;Cytophagia;Cytophagales;Flammeovirgaceae;Candidatus Amoebophilus;
0	2	0	0	0	0	0	Bacteria;Bacteroidetes;Cytophagia;Cytophagales;Flammeovirgaceae;Cesiribacter;
0	2	0	5	0	6	0	Bacteria;Bacteroidetes;Cytophagia;Cytophagales;Flammeovirgaceae;Ekhidna;
2	2	0	2	7	14	4	Bacteria;Bacteroidetes;Cytophagia;Cytophagales;Flammeovirgaceae;Fabibacter;
0	0	1	0	0	0	0	Bacteria;Bacteroidetes;Cytophagia;Cytophagales;Flammeovirgaceae;Flammeovirga;
0	0	0	6	1	0	1	Bacteria;Bacteroidetes;Cytophagia;Cytophagales;Flammeovirgaceae;Flexithrix;
0	0	0	3	0	0	0	Bacteria;Bacteroidetes;Cytophagia;Cytophagales;Flammeovirgaceae;Fulvivirga;
174	60	25	129	156	118	16	Bacteria;Bacteroidetes;Cytophagia;Cytophagales;Flammeovirgaceae;Marinoscillum;
0	1	0	1	1	1	0	Bacteria;Bacteroidetes;Cytophagia;Cytophagales;Flammeovirgaceae;Reichenbachiella;
0	0	0	0	0	0	9	Bacteria;Bacteroidetes;Cytophagia;Cytophagales;Flammeovirgaceae;Roseivirga;
22	2	21	92	27	12	6	Bacteria;Bacteroidetes;Cytophagia;Cytophagales;Flammeovirgaceae;uncultured;
0	0	0	0	1	2	0	Bacteria;Bacteroidetes;Flavobacteriia;Flavobacteriales;
10	3	11	3	15	2	3	Bacteria;Bacteroidetes;Flavobacteriia;Flavobacteriales;Cryomorphaceae;Crocinitomix;
1	0	0	0	0	0	0	Bacteria;Bacteroidetes;Flavobacteriia;Flavobacteriales;Cryomorphaceae;Cryomorpha;
36	58	27	288	63	11	8	Bacteria;Bacteroidetes;Flavobacteriia;Flavobacteriales;Cryomorphaceae;Fluviicola;
22	1	13	5	9	14	12	Bacteria;Bacteroidetes;Flavobacteriia;Flavobacteriales;Cryomorphaceae;NS10 marine group;
0	1	1	1	0	0	2	Bacteria;Bacteroidetes;Flavobacteriia;Flavobacteriales;Cryomorphaceae;Owenweeksia;
3	1	0	29	19	0	0	Bacteria;Bacteroidetes;Flavobacteriia;Flavobacteriales;Cryomorphaceae;Salinirepens;
142	36	757	65	336	190	50	Bacteria;Bacteroidetes;Flavobacteriia;Flavobacteriales;Cryomorphaceae;uncultured;
0	0	0	1	0	0	0	Bacteria;Bacteroidetes;Flavobacteriia;Flavobacteriales;Flavobacteriaceae;
5	0	0	5	3	0	0	Bacteria;Bacteroidetes;Flavobacteriia;Flavobacteriales;Flavobacteriaceae;Actibacter;
1	0	1	0	0	0	0	Bacteria;Bacteroidetes;Flavobacteriia;Flavobacteriales;Flavobacteriaceae;Algitalea;
7	1	3	12	4	3	0	Bacteria;Bacteroidetes;Flavobacteriia;Flavobacteriales;Flavobacteriaceae;Aquibacter;
0	0	2	0	0	0	0	Bacteria;Bacteroidetes;Flavobacteriia;Flavobacteriales;Flavobacteriaceae;Aquimarina;
0	0	0	0	0	0	1	Bacteria;Bacteroidetes;Flavobacteriia;Flavobacteriales;Flavobacteriaceae;Arenibacter;
5	0	0	0	1	2	0	Bacteria;Bacteroidetes;Flavobacteriia;Flavobacteriales;Flavobacteriaceae;Aureisphaera;
6	0	0	0	1	0	0	Bacteria;Bacteroidetes;Flavobacteriia;Flavobacteriales;Flavobacteriaceae;Aureitalea;
0	0	0	0	1	0	0	Bacteria;Bacteroidetes;Flavobacteriia;Flavobacteriales;Flavobacteriaceae;Croceibacter;
0	0	0	0	1	0	0	Bacteria;Bacteroidetes;Flavobacteriia;Flavobacteriales;Flavobacteriaceae;Dokdonia;
1	0	0	0	0	0	0	Bacteria;Bacteroidetes;Flavobacteriia;Flavobacteriales;Flavobacteriaceae;Empedobacter;
2	0	4	0	11	7	1	Bacteria;Bacteroidetes;Flavobacteriia;Flavobacteriales;Flavobacteriaceae;Flavicella;
0	0	0	0	1	0	0	Bacteria;Bacteroidetes;Flavobacteriia;Flavobacteriales;Flavobacteriaceae;Flavobacterium;
1	19	11	1	42	1	2	Bacteria;Bacteroidetes;Flavobacteriia;Flavobacteriales;Flavobacteriaceae;Formosa;
0	0	0	0	8	3	0	Bacteria;Bacteroidetes;Flavobacteriia;Flavobacteriales;Flavobacteriaceae;Gilvibacter;
0	0	1	0	0	0	1	Bacteria;Bacteroidetes;Flavobacteriia;Flavobacteriales;Flavobacteriaceae;Jejudonia;
0	1	0	0	5	2	0	Bacteria;Bacteroidetes;Flavobacteriia;Flavobacteriales;Flavobacteriaceae;Kordia;
0	0	0	0	1	0	0	Bacteria;Bacteroidetes;Flavobacteriia;Flavobacteriales;Flavobacteriaceae;Lacinutrix;
0	0	0	2	0	0	0	Bacteria;Bacteroidetes;Flavobacteriia;Flavobacteriales;Flavobacteriaceae;Lutibacter;
0	0	1	2	0	0	0	Bacteria;Bacteroidetes;Flavobacteriia;Flavobacteriales;Flavobacteriaceae;Lutimonas;
0	0	0	0	1	0	0	Bacteria;Bacteroidetes;Flavobacteriia;Flavobacteriales;Flavobacteriaceae;Mesoflavibacter;
383	188	316	16	598	421	6	Bacteria;Bacteroidetes;Flavobacteriia;Flavobacteriales;Flavobacteriaceae;NS2b marine group;
388	452	229	123	896	259	135	Bacteria;Bacteroidetes;Flavobacteriia;Flavobacteriales;Flavobacteriaceae;NS4 marine group;
969	869	1009	1764	1351	392	546	Bacteria;Bacteroidetes;Flavobacteriia;Flavobacteriales;Flavobacteriaceae;NS5 marine group;
0	0	3	0	5	0	0	Bacteria;Bacteroidetes;Flavobacteriia;Flavobacteriales;Flavobacteriaceae;Olleya;
1	0	0	0	0	0	0	Bacteria;Bacteroidetes;Flavobacteriia;Flavobacteriales;Flavobacteriaceae;Pibocella;
5	0	0	0	0	0	0	Bacteria;Bacteroidetes;Flavobacteriia;Flavobacteriales;Flavobacteriaceae;Polaribacter 2;
1	0	6	0	5	3	7	Bacteria;Bacteroidetes;Flavobacteriia;Flavobacteriales;Flavobacteriaceae;Polaribacter 4;
1	0	0	0	0	0	0	Bacteria;Bacteroidetes;Flavobacteriia;Flavobacteriales;Flavobacteriaceae;Postechiella;
0	2	3	0	14	5	0	Bacteria;Bacteroidetes;Flavobacteriia;Flavobacteriales;Flavobacteriaceae;Pseudofulvibacter;
2	0	0	0	2	0	0	Bacteria;Bacteroidetes;Flavobacteriia;Flavobacteriales;Flavobacteriaceae;Psychroflexus;
0	0	1	0	3	0	0	Bacteria;Bacteroidetes;Flavobacteriia;Flavobacteriales;Flavobacteriaceae;Psychroserpens;
0	0	0	2	0	0	0	Bacteria;Bacteroidetes;Flavobacteriia;Flavobacteriales;Flavobacteriaceae;Robiginitalea;
0	0	1	0	0	0	0	Bacteria;Bacteroidetes;Flavobacteriia;Flavobacteriales;Flavobacteriaceae;Salegentibacter;
0	1	0	0	0	0	0	Bacteria;Bacteroidetes;Flavobacteriia;Flavobacteriales;Flavobacteriaceae;Salinimicrobium;
0	0	1	0	0	0	0	Bacteria;Bacteroidetes;Flavobacteriia;Flavobacteriales;Flavobacteriaceae;Spongiiferula;
0	0	0	0	3	0	0	Bacteria;Bacteroidetes;Flavobacteriia;Flavobacteriales;Flavobacteriaceae;Spongiimonas;
39	9	6	5	99	75	3	Bacteria;Bacteroidetes;Flavobacteriia;Flavobacteriales;Flavobacteriaceae;Tenacibaculum;
2	0	2	1	1	0	1	Bacteria;Bacteroidetes;Flavobacteriia;Flavobacteriales;Flavobacteriaceae;Ulvibacter;
1	0	0	0	0	0	0	Bacteria;Bacteroidetes;Flavobacteriia;Flavobacteriales;Flavobacteriaceae;Wenyingzhuangia;
4	0	2	1	9	1	0	Bacteria;Bacteroidetes;Flavobacteriia;Flavobacteriales;Flavobacteriaceae;Winogradskyella;
22	1	19	6	20	3	3	Bacteria;Bacteroidetes;Flavobacteriia;Flavobacteriales;Flavobacteriaceae;uncultured;
62	111	37	26	71	26	9	Bacteria;Bacteroidetes;Flavobacteriia;Flavobacteriales;NS7 marine group;
744	305	875	40	1008	570	252	Bacteria;Bacteroidetes;Flavobacteriia;Flavobacteriales;NS9 marine group;
1	0	0	0	0	0	0	Bacteria;Bacteroidetes;Flavobacteriia;Flavobacteriales;Schleiferiaceae;Schleiferia;
0	0	0	1	0	0	0	Bacteria;Bacteroidetes;SB-5;
0	0	0	0	1	0	0	Bacteria;Bacteroidetes;Sphingobacteriia;Sphingobacteriales;Chitinophagaceae;Ferruginibacter;
0	0	0	0	1	0	0	Bacteria;Bacteroidetes;Sphingobacteriia;Sphingobacteriales;Chitinophagaceae;Parafilimonas;
1	0	1	0	0	0	0	Bacteria;Bacteroidetes;Sphingobacteriia;Sphingobacteriales;Chitinophagaceae;Taibaiella;
0	0	0	0	0	0	1	Bacteria;Bacteroidetes;Sphingobacteriia;Sphingobacteriales;Chitinophagaceae;uncultured;
0	0	0	1	0	0	0	Bacteria;Bacteroidetes;Sphingobacteriia;Sphingobacteriales;KD1-131;
1	0	0	1	0	1	2	Bacteria;Bacteroidetes;Sphingobacteriia;Sphingobacteriales;Lentimicrobiaceae;
0	0	0	1	0	0	0	Bacteria;Bacteroidetes;Sphingobacteriia;Sphingobacteriales;NS11-12 marine group;
0	0	0	3	0	0	0	Bacteria;Bacteroidetes;Sphingobacteriia;Sphingobacteriales;PHOS-HE51;
0	0	1	0	0	0	0	Bacteria;Bacteroidetes;Sphingobacteriia;Sphingobacteriales;S15-21;
0	0	0	1	0	0	0	Bacteria;Bacteroidetes;Sphingobacteriia;Sphingobacteriales;Saprospiraceae;
3	3	2	79	0	5	2	Bacteria;Bacteroidetes;Sphingobacteriia;Sphingobacteriales;Saprospiraceae;Aureispira;
6	0	2	9	4	7	0	Bacteria;Bacteroidetes;Sphingobacteriia;Sphingobacteriales;Saprospiraceae;Lewinella;
0	0	1	6	1	0	0	Bacteria;Bacteroidetes;Sphingobacteriia;Sphingobacteriales;Saprospiraceae;Phaeodactylibacter;
0	0	2	5	0	0	0	Bacteria;Bacteroidetes;Sphingobacteriia;Sphingobacteriales;Saprospiraceae;Portibacter;
1	0	1	0	3	0	0	Bacteria;Bacteroidetes;Sphingobacteriia;Sphingobacteriales;Saprospiraceae;Rubidimonas;
4	0	0	1	0	0	0	Bacteria;Bacteroidetes;Sphingobacteriia;Sphingobacteriales;Saprospiraceae;Saprospira;
47	11	25	66	87	80	3	Bacteria;Bacteroidetes;Sphingobacteriia;Sphingobacteriales;Saprospiraceae;uncultured;
2	0	3	32	0	1	0	Bacteria;Bacteroidetes;Sphingobacteriia;Sphingobacteriales;uncultured;
0	0	2	0	0	0	0	Bacteria;Bacteroidetes;WCHB1-32;
1	0	0	2	0	1	0	Bacteria;Chlamydiae;Chlamydiae;Chlamydiales;Chlamydiaceae;uncultured;
0	0	0	1	0	0	0	Bacteria;Chlamydiae;Chlamydiae;Chlamydiales;Chlamydiales Incertae Sedis;
0	0	0	1	0	0	0	Bacteria;Chlamydiae;Chlamydiae;Chlamydiales;Parachlamydiaceae;
0	0	0	0	0	0	6	Bacteria;Chlamydiae;Chlamydiae;Chlamydiales;Parachlamydiaceae;Candidatus Mesochlamydia;
0	0	0	1	0	0	0	Bacteria;Chlamydiae;Chlamydiae;Chlamydiales;Parachlamydiaceae;Candidatus Protochlamydia;
3	0	0	1	0	0	0	Bacteria;Chlamydiae;Chlamydiae;Chlamydiales;Parachlamydiaceae;Neochlamydia;
0	0	0	1	0	0	0	Bacteria;Chlamydiae;Chlamydiae;Chlamydiales;Parachlamydiaceae;Parachlamydia;
1	0	0	1	0	0	0	Bacteria;Chlamydiae;Chlamydiae;Chlamydiales;Simkaniaceae;
0	0	1	3	2	2	1	Bacteria;Chlamydiae;Chlamydiae;Chlamydiales;Simkaniaceae;Candidatus Fritschea;
0	0	0	2	0	1	0	Bacteria;Chlamydiae;Chlamydiae;Chlamydiales;Simkaniaceae;Simkania;
3	1	1	1	0	0	1	Bacteria;Chlamydiae;Chlamydiae;Chlamydiales;Simkaniaceae;uncultured;
0	14	1	20	2	6	0	Bacteria;Chlorobi;Chlorobia;Chlorobiales;Chlorobiaceae;Chlorobium;
0	0	0	2	0	0	0	Bacteria;Chlorobi;Chlorobia;Chlorobiales;OC31;
0	0	0	1	0	0	0	Bacteria;Chloroflexi;Anaerolineae;Anaerolineales;Anaerolineaceae;Ornatilinea;
2	0	1	33	0	0	0	Bacteria;Chloroflexi;Anaerolineae;Anaerolineales;Anaerolineaceae;uncultured;
1	0	0	3	0	0	0	Bacteria;Chloroflexi;Ardenticatenia;uncultured;
0	0	0	2	0	0	0	Bacteria;Chloroflexi;Caldilineae;Caldilineales;Caldilineaceae;uncultured;
12	0	12	9	0	2	52	Bacteria;Chloroflexi;JG30-KF-CM66;
179	262	95	37	28	74	314	Bacteria;Chloroflexi;SAR202 clade;
0	0	0	1	0	0	0	Bacteria;Chloroflexi;TK10;
1620	1334	3278	1245	1725	4333	1351	Bacteria;Cyanobacteria;Chloroplast;
1	1	0	1	0	1	0	Bacteria;Cyanobacteria;Cyanobacteria;SubsectionI;FamilyI;
0	0	0	1	0	0	0	Bacteria;Cyanobacteria;Cyanobacteria;SubsectionI;FamilyI;Cyanobacterium;
526	2238	143	360	372	1586	195	Bacteria;Cyanobacteria;Cyanobacteria;SubsectionI;FamilyI;Prochlorococcus;
1654	3431	1589	3929	3162	2404	838	Bacteria;Cyanobacteria;Cyanobacteria;SubsectionI;FamilyI;Synechococcus;
1	0	0	0	0	0	0	Bacteria;Cyanobacteria;Cyanobacteria;SubsectionIII;FamilyI;Leptolyngbya;
1	51	0	13	0	0	0	Bacteria;Cyanobacteria;Cyanobacteria;SubsectionIII;FamilyI;Oscillatoria;
0	0	1	0	0	0	0	Bacteria;Cyanobacteria;Cyanobacteria;SubsectionIII;FamilyI;Phormidium;
0	0	0	1	1	0	0	Bacteria;Cyanobacteria;Cyanobacteria;SubsectionIII;FamilyI;Planktothricoides;
1	104	0	1	1	0	1	Bacteria;Cyanobacteria;Cyanobacteria;SubsectionIII;FamilyI;Trichodesmium;
1	2	0	1	0	0	0	Bacteria;Cyanobacteria;Cyanobacteria;SubsectionIV;FamilyII;Calothrix;
12	15	10	33	1	2	21	Bacteria;Cyanobacteria;ML635J-21;
0	1	0	1	0	0	0	Bacteria;Cyanobacteria;Melainabacteria;Caenarcaniphilales;
1	0	0	1	1	0	0	Bacteria;Cyanobacteria;Melainabacteria;Obscuribacterales;
0	0	1	0	0	0	0	Bacteria;Cyanobacteria;Melainabacteria;Vampirovibrionales;
0	0	0	12	0	0	0	Bacteria;Deferribacteres;Deferribacteres Incertae Sedis;Unknown Order;Unknown Family;Caldithrix;
0	0	0	0	2	0	0	Bacteria;Deinococcus-Thermus;Deinococci;Deinococcales;Deinococcaceae;Deinococcus;
1	0	0	5	0	0	0	Bacteria;Deinococcus-Thermus;Deinococci;Deinococcales;Trueperaceae;Truepera;
0	0	0	1	0	0	0	Bacteria;Deinococcus-Thermus;Deinococci;KD3-62;
0	0	0	1	0	0	0	Bacteria;Elusimicrobia;Elusimicrobia;4-29;
0	1	0	2	0	0	0	Bacteria;Elusimicrobia;Elusimicrobia;Lineage IIb;
0	0	0	1	0	0	0	Bacteria;Elusimicrobia;Elusimicrobia;Lineage IV;
0	0	0	1	0	0	0	Bacteria;Elusimicrobia;Elusimicrobia;MD2894-B20;
0	0	1	0	0	0	0	Bacteria;Elusimicrobia;Elusimicrobia;MVP-88;
0	0	0	1	0	0	0	Bacteria;FCPU426;
0	0	0	1	0	0	0	Bacteria;Fibrobacteres;Chitinivibrionia;possible order 07;
0	0	1	3	3	3	0	Bacteria;Fibrobacteres;Fibrobacteria;Fibrobacterales;Fibrobacteraceae;uncultured;
0	0	0	0	0	1	0	Bacteria;Firmicutes;Bacilli;Bacillales;Bacillaceae;
2	2	0	0	0	0	0	Bacteria;Firmicutes;Bacilli;Bacillales;Bacillaceae;Bacillus;
0	0	2	0	0	0	0	Bacteria;Firmicutes;Bacilli;Bacillales;Bacillaceae;Oceanobacillus;
0	0	1	0	0	0	0	Bacteria;Firmicutes;Bacilli;Bacillales;Planococcaceae;Chungangia;
1	1	0	0	1	0	0	Bacteria;Firmicutes;Bacilli;Bacillales;Staphylococcaceae;Staphylococcus;
1	1	0	0	0	0	0	Bacteria;Firmicutes;Bacilli;Lactobacillales;Carnobacteriaceae;Carnobacterium;
0	0	0	0	0	1	0	Bacteria;Firmicutes;Bacilli;Lactobacillales;Leuconostocaceae;Leuconostoc;
0	0	0	0	1	0	0	Bacteria;Firmicutes;Bacilli;Lactobacillales;Streptococcaceae;Lactococcus;
2	1	1	0	1	0	0	Bacteria;Firmicutes;Bacilli;Lactobacillales;Streptococcaceae;Streptococcus;
0	0	0	0	1	0	0	Bacteria;Firmicutes;Clostridia;Clostridiales;Clostridiaceae 1;Clostridium sensu stricto 1;
1	0	0	0	0	0	0	Bacteria;Firmicutes;Clostridia;Clostridiales;Clostridiales vadinBB60 group;
0	0	0	1	0	1	0	Bacteria;Firmicutes;Clostridia;Clostridiales;Peptococcaceae;uncultured;
1	0	0	1	0	0	0	Bacteria;Firmicutes;Clostridia;Clostridiales;Peptostreptococcaceae;Intestinibacter;
1	2	1	5	0	0	0	Bacteria;Firmicutes;Clostridia;Halanaerobiales;ODP1230B8.23;
1	0	0	0	0	0	0	Bacteria;Firmicutes;Erysipelotrichia;Erysipelotrichales;Erysipelotrichaceae;Erysipelatoclostridium;
1	0	0	0	0	0	0	Bacteria;Firmicutes;Negativicutes;Selenomonadales;Veillonellaceae;Veillonella;
2	0	1	3	0	0	0	Bacteria;Fusobacteria;Fusobacteriia;Fusobacteriales;Fusobacteriaceae;Propionigenium;
0	0	0	1	0	0	0	Bacteria;Gemmatimonadetes;AKAU4049;
34	1	21	87	3	1	141	Bacteria;Gemmatimonadetes;BD2-11 terrestrial group;
0	0	0	2	0	0	0	Bacteria;Gemmatimonadetes;Gemmatimonadetes;Gemmatimonadales;Gemmatimonadaceae;uncultured;
1	0	0	16	0	0	0	Bacteria;Gemmatimonadetes;PAUC43f marine benthic group;
0	1	0	16	1	0	0	Bacteria;Gracilibacteria;
0	0	0	13	0	0	1	Bacteria;Hydrogenedentes;
0	0	0	1	0	0	0	Bacteria;Ignavibacteriae;Ignavibacteria;Ignavibacteriales;BSV26;
0	0	0	2	0	0	0	Bacteria;Ignavibacteriae;Ignavibacteria;Ignavibacteriales;IheB3-7;
2	0	0	17	0	0	0	Bacteria;Latescibacteria;
0	0	0	2	0	0	0	Bacteria;Latescibacteria;Latescibacteria Incertae Sedis;Unknown Order;Unknown Family;Candidatus Latescibacter;
5	5	4	15	4	23	0	Bacteria;Lentisphaerae;Lentisphaeria;Lentisphaerales;Lentisphaeraceae;Lentisphaera;
0	0	0	4	0	0	0	Bacteria;Lentisphaerae;Lentisphaeria;Victivallales;Arctic95B-14;
0	0	0	1	0	0	0	Bacteria;Lentisphaerae;Lentisphaeria;Victivallales;PRD18C08;
0	0	0	10	0	0	0	Bacteria;Lentisphaerae;Lentisphaeria;Victivallales;Victivallaceae;
0	0	4	35	1	1	0	Bacteria;Lentisphaerae;Oligosphaeria;SS1-B-02-17;
1548	1349	1498	1285	869	887	1097	Bacteria;Marinimicrobia (SAR406 clade);
0	0	0	2	0	0	0	Bacteria;Microgenomates;Candidatus Woesebacteria;
0	0	0	2	0	0	0	Bacteria;Nitrospinae;Belgica2005-10-ZG-3;
2	0	0	0	0	0	3	Bacteria;Nitrospinae;MD2898-B26;
0	0	1	1	0	0	3	Bacteria;Nitrospinae;Nitrospinia;Nitrospinales;Nitrospinaceae;Nitrospina;
0	0	4	0	0	0	62	Bacteria;Nitrospinae;Nitrospinia;Nitrospinales;Nitrospinaceae;uncultured;
2	0	0	0	0	1	0	Bacteria;Nitrospirae;Nitrospira;Nitrospirales;Nitrospiraceae;Leptospirillum;
1	0	0	10	0	0	0	Bacteria;Nitrospirae;Nitrospira;Nitrospirales;Nitrospiraceae;Nitrospira;
0	0	0	16	0	0	0	Bacteria;Nitrospirae;Nitrospira;Nitrospirales;Nitrospiraceae;uncultured;
1	0	0	6	0	0	0	Bacteria;Omnitrophica;
1	0	2	3	0	0	2	Bacteria;Omnitrophica;Omnitrophica Incertae Sedis;Unknown Order;Unknown Family;Candidatus Omnitrophus;
11	1	7	5	1	1	17	Bacteria;PAUC34f;
0	1	0	2	2	0	1	Bacteria;Parcubacteria;
0	0	1	1	0	0	0	Bacteria;Parcubacteria;Candidatus Campbellbacteria;
0	0	0	2	0	0	0	Bacteria;Parcubacteria;Candidatus Magasanikbacteria;
0	0	0	1	0	0	0	Bacteria;Parcubacteria;Candidatus Nomurabacteria;
0	0	0	2	0	0	0	Bacteria;Peregrinibacteria;
3	0	1	16	1	6	0	Bacteria;Planctomycetes;BD7-11;
33	5	73	73	2	1	10	Bacteria;Planctomycetes;OM190;
0	0	0	1	0	0	0	Bacteria;Planctomycetes;Phycisphaerae;B103G10;
0	0	0	2	0	0	0	Bacteria;Planctomycetes;Phycisphaerae;C86;
0	0	0	6	0	0	0	Bacteria;Planctomycetes;Phycisphaerae;CCM11a;
0	0	0	4	0	0	0	Bacteria;Planctomycetes;Phycisphaerae;MSB-3A7 sediment group;
0	0	0	9	0	0	0	Bacteria;Planctomycetes;Phycisphaerae;MSBL9;
73	12	69	0	16	2	7	Bacteria;Planctomycetes;Phycisphaerae;Phycisphaerales;Phycisphaeraceae;CL500-3;
30	5	16	0	9	4	12	Bacteria;Planctomycetes;Phycisphaerae;Phycisphaerales;Phycisphaeraceae;FS140-16B-02 marine group;
0	0	0	2	0	0	0	Bacteria;Planctomycetes;Phycisphaerae;Phycisphaerales;Phycisphaeraceae;I-8;
6	0	1	0	0	0	5	Bacteria;Planctomycetes;Phycisphaerae;Phycisphaerales;Phycisphaeraceae;JL-ETNP-F27;
1	0	0	6	0	0	1	Bacteria;Planctomycetes;Phycisphaerae;Phycisphaerales;Phycisphaeraceae;SM1A02;
80	14	16	11	11	13	0	Bacteria;Planctomycetes;Phycisphaerae;Phycisphaerales;Phycisphaeraceae;Urania-1B-19 marine sediment group;
0	0	0	2	0	0	0	Bacteria;Planctomycetes;Phycisphaerae;Phycisphaerales;Phycisphaeraceae;uncultured;
0	0	0	1	0	0	0	Bacteria;Planctomycetes;Phycisphaerae;Pla1 lineage;
1	3	1	31	0	0	3	Bacteria;Planctomycetes;Pla3 lineage;
2	0	0	12	0	0	1	Bacteria;Planctomycetes;Pla4 lineage;
0	0	1	2	0	0	0	Bacteria;Planctomycetes;Planctomycetacia;Brocadiales;Brocadiaceae;Candidatus Scalindua;
0	0	0	1	0	0	0	Bacteria;Planctomycetes;Planctomycetacia;Planctomycetales;Planctomycetaceae;
4	1	6	19	2	0	0	Bacteria;Planctomycetes;Planctomycetacia;Planctomycetales;Planctomycetaceae;Blastopirellula;
1	0	0	8	0	0	0	Bacteria;Planctomycetes;Planctomycetacia;Planctomycetales;Planctomycetaceae;Pirellula;
26	1	1	13	0	0	6	Bacteria;Planctomycetes;Planctomycetacia;Planctomycetales;Planctomycetaceae;Planctomyces;
9	1	2	38	2	2	22	Bacteria;Planctomycetes;Planctomycetacia;Planctomycetales;Planctomycetaceae;Rhodopirellula;
5	7	5	44	2	0	0	Bacteria;Planctomycetes;Planctomycetacia;Planctomycetales;Planctomycetaceae;Rubripirellula;
6	2	1	8	1	0	1	Bacteria;Planctomycetes;Planctomycetacia;Planctomycetales;Planctomycetaceae;uncultured;
0	0	0	7	0	3	0	Bacteria;Planctomycetes;vadinHA49;
5	0	1	0	0	0	1	Bacteria;Poribacteria;
0	0	0	1	0	0	0	Bacteria;Proteobacteria;
7	0	4	1	4	2	18	Bacteria;Proteobacteria;AEGEAN-245;
6	0	4	5	6	5	8	Bacteria;Proteobacteria;ARKICE-90;
0	0	0	0	0	0	2	Bacteria;Proteobacteria;Alphaproteobacteria;4-Org1-14;
0	0	0	2	0	0	0	Bacteria;Proteobacteria;Alphaproteobacteria;Alphaproteobacteria Incertae Sedis;Unknown Family;Eilatimonas;
5	0	0	5	0	0	4	Bacteria;Proteobacteria;Alphaproteobacteria;Alphaproteobacteria Incertae Sedis;Unknown Family;uncultured;
0	0	1	0	2	0	1	Bacteria;Proteobacteria;Alphaproteobacteria;Alphaproteobacteria Incertae Sedis;uncultured;
2	0	4	0	1	3	0	Bacteria;Proteobacteria;Alphaproteobacteria;Caulobacterales;Caulobacteraceae;Brevundimonas;
0	1	1	0	0	1	0	Bacteria;Proteobacteria;Alphaproteobacteria;Caulobacterales;Caulobacteraceae;Caulobacter;
0	0	0	0	2	95	1	Bacteria;Proteobacteria;Alphaproteobacteria;Caulobacterales;Caulobacteraceae;Phenylobacterium;
0	0	0	1	0	3	0	Bacteria;Proteobacteria;Alphaproteobacteria;Caulobacterales;Caulobacteraceae;uncultured;
2	0	0	0	0	0	0	Bacteria;Proteobacteria;Alphaproteobacteria;Caulobacterales;Hyphomonadaceae;
0	0	0	0	0	0	1	Bacteria;Proteobacteria;Alphaproteobacteria;Caulobacterales;Hyphomonadaceae;Glycocaulis;
1	0	0	0	0	0	4	Bacteria;Proteobacteria;Alphaproteobacteria;Caulobacterales;Hyphomonadaceae;Henriciella;
0	0	0	0	1	0	2	Bacteria;Proteobacteria;Alphaproteobacteria;Caulobacterales;Hyphomonadaceae;Hirschia;
0	0	0	0	0	0	6	Bacteria;Proteobacteria;Alphaproteobacteria;Caulobacterales;Hyphomonadaceae;Hyphomonas;
3	0	1	0	0	0	2	Bacteria;Proteobacteria;Alphaproteobacteria;Caulobacterales;Hyphomonadaceae;Litorimonas;
1	0	0	1	4	8	0	Bacteria;Proteobacteria;Alphaproteobacteria;Caulobacterales;Hyphomonadaceae;Maricaulis;
0	1	0	0	0	3	3	Bacteria;Proteobacteria;Alphaproteobacteria;Caulobacterales;Hyphomonadaceae;Oceanicaulis;
4	0	0	0	3	1	3	Bacteria;Proteobacteria;Alphaproteobacteria;Caulobacterales;Hyphomonadaceae;uncultured;
0	1	0	2	0	0	0	Bacteria;Proteobacteria;Alphaproteobacteria;Kordiimonadales;Kordiimonadaceae;Kordiimonas;
0	0	1	1	0	0	0	Bacteria;Proteobacteria;Alphaproteobacteria;Parvularculales;Parvularculaceae;
0	0	0	1	0	0	0	Bacteria;Proteobacteria;Alphaproteobacteria;Parvularculales;Parvularculaceae;Amphiplicatus;
0	2	0	0	0	0	0	Bacteria;Proteobacteria;Alphaproteobacteria;Parvularculales;Parvularculaceae;Parvularcula;
1	0	0	0	0	0	0	Bacteria;Proteobacteria;Alphaproteobacteria;Rhizobiales;Aurantimonadaceae;Aureimonas;
0	0	0	0	0	0	1	Bacteria;Proteobacteria;Alphaproteobacteria;Rhizobiales;Beijerinckiaceae;uncultured;
0	0	0	0	0	1	0	Bacteria;Proteobacteria;Alphaproteobacteria;Rhizobiales;Bradyrhizobiaceae;Afipia;
21	1	4	4	17	8	3	Bacteria;Proteobacteria;Alphaproteobacteria;Rhizobiales;Bradyrhizobiaceae;Bradyrhizobium;
0	0	0	0	0	1	0	Bacteria;Proteobacteria;Alphaproteobacteria;Rhizobiales;Bradyrhizobiaceae;Nitrobacter;
0	0	0	0	1	0	0	Bacteria;Proteobacteria;Alphaproteobacteria;Rhizobiales;Brucellaceae;Ochrobactrum;
0	0	0	0	0	0	1	Bacteria;Proteobacteria;Alphaproteobacteria;Rhizobiales;Hyphomicrobiaceae;Devosia;
0	0	0	10	0	0	0	Bacteria;Proteobacteria;Alphaproteobacteria;Rhizobiales;Hyphomicrobiaceae;Filomicrobium;
0	0	0	0	0	0	4	Bacteria;Proteobacteria;Alphaproteobacteria;Rhizobiales;Hyphomicrobiaceae;Pelagibacterium;
0	0	0	2	0	0	0	Bacteria;Proteobacteria;Alphaproteobacteria;Rhizobiales;KF-JG30-B3;
0	1	0	0	3	0	0	Bacteria;Proteobacteria;Alphaproteobacteria;Rhizobiales;Methylobacteriaceae;Methylobacterium;
32	26	18	31	3	11	81	Bacteria;Proteobacteria;Alphaproteobacteria;Rhizobiales;OCS116 clade;
335	309	500	58	377	353	479	Bacteria;Proteobacteria;Alphaproteobacteria;Rhizobiales;PS1 clade;
0	0	0	0	2	0	0	Bacteria;Proteobacteria;Alphaproteobacteria;Rhizobiales;Phyllobacteriaceae;Ahrensia;
0	1	0	1	1	0	2	Bacteria;Proteobacteria;Alphaproteobacteria;Rhizobiales;Phyllobacteriaceae;Mesorhizobium;
0	1	0	0	0	0	0	Bacteria;Proteobacteria;Alphaproteobacteria;Rhizobiales;Phyllobacteriaceae;Oricola;
1	0	0	0	0	0	0	Bacteria;Proteobacteria;Alphaproteobacteria;Rhizobiales;Phyllobacteriaceae;Phyllobacterium;
0	0	2	2	1	1	0	Bacteria;Proteobacteria;Alphaproteobacteria;Rhizobiales;Phyllobacteriaceae;Pseudahrensia;
5	1	2	6	1	0	0	Bacteria;Proteobacteria;Alphaproteobacteria;Rhizobiales;Phyllobacteriaceae;uncultured;
0	0	0	0	0	1	0	Bacteria;Proteobacteria;Alphaproteobacteria;Rhizobiales;Rhizobiaceae;Rhizobium;
1	0	0	0	0	0	0	Bacteria;Proteobacteria;Alphaproteobacteria;Rhizobiales;Rhizobiaceae;Shinella;
0	0	0	3	0	0	0	Bacteria;Proteobacteria;Alphaproteobacteria;Rhizobiales;Rhodobiaceae;Afifella;
0	0	0	6	0	0	1	Bacteria;Proteobacteria;Alphaproteobacteria;Rhizobiales;Rhodobiaceae;Anderseniella;
0	0	0	3	0	0	0	Bacteria;Proteobacteria;Alphaproteobacteria;Rhizobiales;Rhodobiaceae;Methyloceanibacter;
0	0	0	0	0	1	0	Bacteria;Proteobacteria;Alphaproteobacteria;Rhizobiales;Rhodobiaceae;Methyloligella;
0	4	0	34	0	1	0	Bacteria;Proteobacteria;Alphaproteobacteria;Rhizobiales;Rhodobiaceae;Rhodobium;
1	0	0	6	0	0	1	Bacteria;Proteobacteria;Alphaproteobacteria;Rhizobiales;Rhodobiaceae;uncultured;
0	0	1	8	0	0	1	Bacteria;Proteobacteria;Alphaproteobacteria;Rhizobiales;uncultured;
0	0	2	0	0	0	0	Bacteria;Proteobacteria;Alphaproteobacteria;Rhodobacterales;Rhodobacteraceae;
0	0	1	3	2	0	4	Bacteria;Proteobacteria;Alphaproteobacteria;Rhodobacterales;Rhodobacteraceae;Actibacterium;
0	0	0	0	0	0	8	Bacteria;Proteobacteria;Alphaproteobacteria;Rhodobacterales;Rhodobacteraceae;Albimonas;
0	0	0	0	1	0	1	Bacteria;Proteobacteria;Alphaproteobacteria;Rhodobacterales;Rhodobacteraceae;Amylibacter;
0	2	23	0	0	0	20	Bacteria;Proteobacteria;Alphaproteobacteria;Rhodobacterales;Rhodobacteraceae;Ascidiaceihabitans;
5	0	0	0	0	0	0	Bacteria;Proteobacteria;Alphaproteobacteria;Rhodobacterales;Rhodobacteraceae;Celeribacter;
1	68	0	97	5	0	0	Bacteria;Proteobacteria;Alphaproteobacteria;Rhodobacterales;Rhodobacteraceae;Cribrihabitans;
1	1	0	0	0	0	0	Bacteria;Proteobacteria;Alphaproteobacteria;Rhodobacterales;Rhodobacteraceae;Defluviimonas;
0	0	0	0	0	0	1	Bacteria;Proteobacteria;Alphaproteobacteria;Rhodobacterales;Rhodobacteraceae;Dinoroseobacter;
0	0	2	0	13	0	1	Bacteria;Proteobacteria;Alphaproteobacteria;Rhodobacterales;Rhodobacteraceae;Donghicola;
1	0	0	0	2	0	0	Bacteria;Proteobacteria;Alphaproteobacteria;Rhodobacterales;Rhodobacteraceae;Epibacterium;
2	0	0	0	0	0	0	Bacteria;Proteobacteria;Alphaproteobacteria;Rhodobacterales;Rhodobacteraceae;Falsirhodobacter;
0	0	0	0	0	1	0	Bacteria;Proteobacteria;Alphaproteobacteria;Rhodobacterales;Rhodobacteraceae;Gemmobacter;
0	1	0	0	0	1	1	Bacteria;Proteobacteria;Alphaproteobacteria;Rhodobacterales;Rhodobacteraceae;Halocynthiibacter;
0	0	0	1	0	0	0	Bacteria;Proteobacteria;Alphaproteobacteria;Rhodobacterales;Rhodobacteraceae;Hwanghaeicola;
1	0	6	0	4	2	7	Bacteria;Proteobacteria;Alphaproteobacteria;Rhodobacterales;Rhodobacteraceae;Jannaschia;
0	0	0	2	0	0	0	Bacteria;Proteobacteria;Alphaproteobacteria;Rhodobacterales;Rhodobacteraceae;Jhaorihella;
1	0	0	0	0	0	1	Bacteria;Proteobacteria;Alphaproteobacteria;Rhodobacterales;Rhodobacteraceae;Labrenzia;
0	0	0	1	0	0	0	Bacteria;Proteobacteria;Alphaproteobacteria;Rhodobacterales;Rhodobacteraceae;Leisingera;
0	0	31	0	0	0	73	Bacteria;Proteobacteria;Alphaproteobacteria;Rhodobacterales;Rhodobacteraceae;Lentibacter;
0	0	0	0	16	18	1	Bacteria;Proteobacteria;Alphaproteobacteria;Rhodobacterales;Rhodobacteraceae;Litoreibacter;
0	0	0	3	0	0	0	Bacteria;Proteobacteria;Alphaproteobacteria;Rhodobacterales;Rhodobacteraceae;Litorimicrobium;
6	4	0	1	0	0	0	Bacteria;Proteobacteria;Alphaproteobacteria;Rhodobacterales;Rhodobacteraceae;Loktanella;
0	0	1	0	0	0	1	Bacteria;Proteobacteria;Alphaproteobacteria;Rhodobacterales;Rhodobacteraceae;Lutimaribacter;
2	2	1	0	0	1	0	Bacteria;Proteobacteria;Alphaproteobacteria;Rhodobacterales;Rhodobacteraceae;Maritimibacter;
1	0	0	1	0	3	0	Bacteria;Proteobacteria;Alphaproteobacteria;Rhodobacterales;Rhodobacteraceae;Nautella;
0	0	0	0	0	0	1	Bacteria;Proteobacteria;Alphaproteobacteria;Rhodobacterales;Rhodobacteraceae;Nereida;
0	1	0	0	0	0	3	Bacteria;Proteobacteria;Alphaproteobacteria;Rhodobacterales;Rhodobacteraceae;Oceanicola;
0	0	1	0	0	0	0	Bacteria;Proteobacteria;Alphaproteobacteria;Rhodobacterales;Rhodobacteraceae;Oceaniovalibus;
3	0	1	1	0	0	3	Bacteria;Proteobacteria;Alphaproteobacteria;Rhodobacterales;Rhodobacteraceae;Octadecabacter;
1	2	0	0	0	0	0	Bacteria;Proteobacteria;Alphaproteobacteria;Rhodobacterales;Rhodobacteraceae;Paracoccus;
6	0	38	0	2	0	31	Bacteria;Proteobacteria;Alphaproteobacteria;Rhodobacterales;Rhodobacteraceae;Planktomarina;
2	0	0	0	2	1	0	Bacteria;Proteobacteria;Alphaproteobacteria;Rhodobacterales;Rhodobacteraceae;Planktotalea;
0	0	0	3	0	0	0	Bacteria;Proteobacteria;Alphaproteobacteria;Rhodobacterales;Rhodobacteraceae;Pontivivens;
0	0	0	0	0	0	1	Bacteria;Proteobacteria;Alphaproteobacteria;Rhodobacterales;Rhodobacteraceae;Pseudohalocynthiibacter;
1	0	0	0	0	0	0	Bacteria;Proteobacteria;Alphaproteobacteria;Rhodobacterales;Rhodobacteraceae;Pseudorhodobacter;
1	0	0	0	0	0	0	Bacteria;Proteobacteria;Alphaproteobacteria;Rhodobacterales;Rhodobacteraceae;Pseudoruegeria;
0	0	0	0	0	0	1	Bacteria;Proteobacteria;Alphaproteobacteria;Rhodobacterales;Rhodobacteraceae;Pseudovibrio;
0	0	0	0	2	2	0	Bacteria;Proteobacteria;Alphaproteobacteria;Rhodobacterales;Rhodobacteraceae;Rhodobacter;
0	0	0	0	0	2	0	Bacteria;Proteobacteria;Alphaproteobacteria;Rhodobacterales;Rhodobacteraceae;Rhodovulum;
1	2	1	0	11	3	0	Bacteria;Proteobacteria;Alphaproteobacteria;Rhodobacterales;Rhodobacteraceae;Roseibacterium;
0	1	0	0	0	0	0	Bacteria;Proteobacteria;Alphaproteobacteria;Rhodobacterales;Rhodobacteraceae;Roseibium;
0	1	0	0	0	0	0	Bacteria;Proteobacteria;Alphaproteobacteria;Rhodobacterales;Rhodobacteraceae;Roseisalinus;
0	0	0	2	1	0	0	Bacteria;Proteobacteria;Alphaproteobacteria;Rhodobacterales;Rhodobacteraceae;Roseivivax;
1	0	2	0	0	0	3	Bacteria;Proteobacteria;Alphaproteobacteria;Rhodobacterales;Rhodobacteraceae;Roseobacter clade NAC11-7 lineage;
0	0	0	1	0	0	2	Bacteria;Proteobacteria;Alphaproteobacteria;Rhodobacterales;Rhodobacteraceae;Roseobacter;
9	12	2	10	13	8	2	Bacteria;Proteobacteria;Alphaproteobacteria;Rhodobacterales;Rhodobacteraceae;Roseovarius;
6	0	3	1	3	3	0	Bacteria;Proteobacteria;Alphaproteobacteria;Rhodobacterales;Rhodobacteraceae;Ruegeria;
1	4	12	2	9	11	1	Bacteria;Proteobacteria;Alphaproteobacteria;Rhodobacterales;Rhodobacteraceae;Sediminimonas;
2	0	1	0	2	19	0	Bacteria;Proteobacteria;Alphaproteobacteria;Rhodobacterales;Rhodobacteraceae;Shimia;
6	2	2	0	0	2	3	Bacteria;Proteobacteria;Alphaproteobacteria;Rhodobacterales;Rhodobacteraceae;Sulfitobacter;
0	0	0	0	0	2	0	Bacteria;Proteobacteria;Alphaproteobacteria;Rhodobacterales;Rhodobacteraceae;Tateyamaria;
7	0	1	1	0	2	1	Bacteria;Proteobacteria;Alphaproteobacteria;Rhodobacterales;Rhodobacteraceae;Thalassobius;
0	0	0	0	1	0	0	Bacteria;Proteobacteria;Alphaproteobacteria;Rhodobacterales;Rhodobacteraceae;Tropicibacter;
0	0	0	8	0	0	1	Bacteria;Proteobacteria;Alphaproteobacteria;Rhodobacterales;Rhodobacteraceae;Tropicimonas;
1050	1260	613	542	1625	1108	407	Bacteria;Proteobacteria;Alphaproteobacteria;Rhodobacterales;Rhodobacteraceae;uncultured;
18	2	16	4	4	7	35	Bacteria;Proteobacteria;Alphaproteobacteria;Rhodospirillales;AT-s3-44;
0	0	1	0	0	0	0	Bacteria;Proteobacteria;Alphaproteobacteria;Rhodospirillales;Acetobacteraceae;Roseomonas;
0	0	0	1	0	0	0	Bacteria;Proteobacteria;Alphaproteobacteria;Rhodospirillales;MNC12;
0	0	0	1	0	0	0	Bacteria;Proteobacteria;Alphaproteobacteria;Rhodospirillales;MSB-1E8;
0	0	0	1	0	0	0	Bacteria;Proteobacteria;Alphaproteobacteria;Rhodospirillales;Rhodospirillaceae;
1132	1445	629	616	622	630	768	Bacteria;Proteobacteria;Alphaproteobacteria;Rhodospirillales;Rhodospirillaceae;AEGEAN-169 marine group;
0	0	0	2	0	0	0	Bacteria;Proteobacteria;Alphaproteobacteria;Rhodospirillales;Rhodospirillaceae;Fodinicurvata;
10	0	5	2	0	0	10	Bacteria;Proteobacteria;Alphaproteobacteria;Rhodospirillales;Rhodospirillaceae;Magnetospira;
0	2	0	0	0	0	1	Bacteria;Proteobacteria;Alphaproteobacteria;Rhodospirillales;Rhodospirillaceae;Nisaea;
63	58	198	50	17	17	295	Bacteria;Proteobacteria;Alphaproteobacteria;Rhodospirillales;Rhodospirillaceae;OM75 clade;
0	0	0	3	0	0	0	Bacteria;Proteobacteria;Alphaproteobacteria;Rhodospirillales;Rhodospirillaceae;Pelagibius;
0	1	0	0	0	0	0	Bacteria;Proteobacteria;Alphaproteobacteria;Rhodospirillales;Rhodospirillaceae;Skermanella;
0	0	0	1	0	0	0	Bacteria;Proteobacteria;Alphaproteobacteria;Rhodospirillales;Rhodospirillaceae;Terasakiella;
0	1	0	0	1	3	0	Bacteria;Proteobacteria;Alphaproteobacteria;Rhodospirillales;Rhodospirillaceae;Thalassospira;
287	278	260	232	151	143	549	Bacteria;Proteobacteria;Alphaproteobacteria;Rhodospirillales;Rhodospirillaceae;uncultured;
0	0	0	0	2	4	4	Bacteria;Proteobacteria;Alphaproteobacteria;Rhodospirillales;Rhodospirillales Incertae Sedis;Reyranella;
0	0	1	0	0	0	3	Bacteria;Proteobacteria;Alphaproteobacteria;Rickettsiales;EF100-94H03;
0	0	1	2	3	0	0	Bacteria;Proteobacteria;Alphaproteobacteria;Rickettsiales;Holosporaceae;uncultured;
2	5	3	2	3	6	3	Bacteria;Proteobacteria;Alphaproteobacteria;Rickettsiales;LWSR-14;
4	8	1	3	6	14	2	Bacteria;Proteobacteria;Alphaproteobacteria;Rickettsiales;MD3-55;
136	91	128	68	66	207	102	Bacteria;Proteobacteria;Alphaproteobacteria;Rickettsiales;Mitochondria;
0	4	0	0	0	2	0	Bacteria;Proteobacteria;Alphaproteobacteria;Rickettsiales;Rickettsiaceae;Candidatus Cryptoprodotis;
0	0	0	0	0	1	0	Bacteria;Proteobacteria;Alphaproteobacteria;Rickettsiales;Rickettsiaceae;Candidatus Gigarickettsia;
0	1	0	0	0	2	1	Bacteria;Proteobacteria;Alphaproteobacteria;Rickettsiales;Rickettsiaceae;Orientia;
5	12	3	8	2	7	2	Bacteria;Proteobacteria;Alphaproteobacteria;Rickettsiales;Rickettsiaceae;uncultured;
1	0	1	0	4	0	0	Bacteria;Proteobacteria;Alphaproteobacteria;Rickettsiales;Rickettsiales Incertae Sedis;Candidatus Hepatincola;
1	0	0	1	1	1	0	Bacteria;Proteobacteria;Alphaproteobacteria;Rickettsiales;Rickettsiales Incertae Sedis;uncultured;
355	664	111	365	186	141	75	Bacteria;Proteobacteria;Alphaproteobacteria;Rickettsiales;S25-593;
778	1927	959	585	595	792	357	Bacteria;Proteobacteria;Alphaproteobacteria;Rickettsiales;SAR116 clade;
10	95	7	1	49	20	4	Bacteria;Proteobacteria;Alphaproteobacteria;Rickettsiales;SAR116 clade;Candidatus Puniceispirillum;
0	0	2	0	0	0	3	Bacteria;Proteobacteria;Alphaproteobacteria;Rickettsiales;SHWN-night2;
0	0	0	2	0	0	1	Bacteria;Proteobacteria;Alphaproteobacteria;Rickettsiales;SM2D12;
0	0	0	5	0	0	7	Bacteria;Proteobacteria;Alphaproteobacteria;Rickettsiales;T9d;
0	0	0	1	0	0	0	Bacteria;Proteobacteria;Alphaproteobacteria;Rickettsiales;TK34;
58	34	10	25	76	84	15	Bacteria;Proteobacteria;Alphaproteobacteria;SAR11 clade;
0	2	1	0	1	0	3	Bacteria;Proteobacteria;Alphaproteobacteria;SAR11 clade;Chesapeake-Delaware Bay;
5	3	3	0	8	7	13	Bacteria;Proteobacteria;Alphaproteobacteria;SAR11 clade;Deep 1;
676	1248	203	437	619	483	277	Bacteria;Proteobacteria;Alphaproteobacteria;SAR11 clade;Surface 1;
8	0	1	12	0	2	0	Bacteria;Proteobacteria;Alphaproteobacteria;SAR11 clade;Surface 1;Candidatus Pelagibacter;
177	169	34	108	45	141	61	Bacteria;Proteobacteria;Alphaproteobacteria;SAR11 clade;Surface 2;
3	208	5	0	4	28	0	Bacteria;Proteobacteria;Alphaproteobacteria;SAR11 clade;Surface 3;
174	455	135	6	101	236	271	Bacteria;Proteobacteria;Alphaproteobacteria;SAR11 clade;Surface 4;
0	0	0	0	0	0	1	Bacteria;Proteobacteria;Alphaproteobacteria;Sneathiellales;Sneathiellaceae;Sneathiella;
1	0	0	0	0	0	0	Bacteria;Proteobacteria;Alphaproteobacteria;Sneathiellales;Sneathiellaceae;uncultured;
0	1	0	0	0	0	0	Bacteria;Proteobacteria;Alphaproteobacteria;Sphingomonadales;Erythrobacteraceae;
3	1	1	12	2	0	3	Bacteria;Proteobacteria;Alphaproteobacteria;Sphingomonadales;Erythrobacteraceae;Altererythrobacter;
0	0	0	0	0	0	1	Bacteria;Proteobacteria;Alphaproteobacteria;Sphingomonadales;Erythrobacteraceae;Croceicoccus;
184	11	12	0	27	13	14	Bacteria;Proteobacteria;Alphaproteobacteria;Sphingomonadales;Erythrobacteraceae;Erythrobacter;
0	0	0	0	4	8	0	Bacteria;Proteobacteria;Alphaproteobacteria;Sphingomonadales;Erythrobacteraceae;Porphyrobacter;
8	1	0	3	0	0	1	Bacteria;Proteobacteria;Alphaproteobacteria;Sphingomonadales;Erythrobacteraceae;uncultured;
0	0	0	0	0	2	0	Bacteria;Proteobacteria;Alphaproteobacteria;Sphingomonadales;SD04E11;
0	0	3	0	0	0	0	Bacteria;Proteobacteria;Alphaproteobacteria;Sphingomonadales;Sphingomonadaceae;Blastomonas;
0	0	1	0	1	3	0	Bacteria;Proteobacteria;Alphaproteobacteria;Sphingomonadales;Sphingomonadaceae;Novosphingobium;
47	1	0	0	0	0	3	Bacteria;Proteobacteria;Alphaproteobacteria;Sphingomonadales;Sphingomonadaceae;Parasphingopyxis;
0	3	0	0	2	0	0	Bacteria;Proteobacteria;Alphaproteobacteria;Sphingomonadales;Sphingomonadaceae;Rhizorhapis;
1	2	0	0	1	155	2	Bacteria;Proteobacteria;Alphaproteobacteria;Sphingomonadales;Sphingomonadaceae;Sphingobium;
7	0	3	0	1	15	0	Bacteria;Proteobacteria;Alphaproteobacteria;Sphingomonadales;Sphingomonadaceae;Sphingomonas;
3	0	7	0	2	0	0	Bacteria;Proteobacteria;Alphaproteobacteria;Sphingomonadales;Sphingomonadaceae;Sphingopyxis;
0	0	2	0	0	0	0	Bacteria;Proteobacteria;Alphaproteobacteria;Sphingomonadales;Sphingomonadaceae;Sphingorhabdus;
0	0	0	15	0	0	0	Bacteria;Proteobacteria;Alphaproteobacteria;ss1-B-07-44;
0	0	0	8	0	0	0	Bacteria;Proteobacteria;BJGMM-U56;
0	0	0	1	0	0	0	Bacteria;Proteobacteria;Betaproteobacteria;Burkholderiales;Alcaligenaceae;Achromobacter;
28	52	6	44	13	12	3	Bacteria;Proteobacteria;Betaproteobacteria;Burkholderiales;Alcaligenaceae;MWH-UniP1 aquatic group;
1	1	0	0	1	1	0	Bacteria;Proteobacteria;Betaproteobacteria;Burkholderiales;Burkholderiaceae;Burkholderia-Paraburkholderia;
2	0	24	0	0	0	1	Bacteria;Proteobacteria;Betaproteobacteria;Burkholderiales;Burkholderiaceae;Limnobacter;
0	0	0	0	1	0	0	Bacteria;Proteobacteria;Betaproteobacteria;Burkholderiales;Burkholderiaceae;Pandoraea;
1	0	0	1	1	1	0	Bacteria;Proteobacteria;Betaproteobacteria;Burkholderiales;Burkholderiaceae;Polynucleobacter;
25	3	4	1	14	0	31	Bacteria;Proteobacteria;Betaproteobacteria;Burkholderiales;Burkholderiaceae;Ralstonia;
0	0	0	0	0	0	2	Bacteria;Proteobacteria;Betaproteobacteria;Burkholderiales;Comamonadaceae;Acidovorax;
0	0	1	0	0	0	1	Bacteria;Proteobacteria;Betaproteobacteria;Burkholderiales;Comamonadaceae;Aquabacterium;
0	0	5	0	0	0	0	Bacteria;Proteobacteria;Betaproteobacteria;Burkholderiales;Comamonadaceae;Hydrogenophaga;
0	0	2	0	0	0	0	Bacteria;Proteobacteria;Betaproteobacteria;Burkholderiales;Comamonadaceae;Variovorax;
0	0	0	1	0	0	0	Bacteria;Proteobacteria;Betaproteobacteria;Burkholderiales;Comamonadaceae;uncultured;
0	0	1	0	1	0	0	Bacteria;Proteobacteria;Betaproteobacteria;Burkholderiales;Oxalobacteraceae;Collimonas;
3	0	0	2	0	1	1	Bacteria;Proteobacteria;Betaproteobacteria;Burkholderiales;Oxalobacteraceae;Janthinobacterium;
0	1	1	0	0	0	0	Bacteria;Proteobacteria;Betaproteobacteria;Burkholderiales;Oxalobacteraceae;Massilia;
10	20	4	109	6	7	19	Bacteria;Proteobacteria;Betaproteobacteria;Hydrogenophilales;Hydrogenophilaceae;uncultured;
0	0	0	1	0	0	0	Bacteria;Proteobacteria;Betaproteobacteria;Methylophilales;Methylophilaceae;Candidatus Methylopumilus;
0	0	0	1	0	0	0	Bacteria;Proteobacteria;Betaproteobacteria;Methylophilales;Methylophilaceae;Methylophilus;
0	0	1	0	0	0	0	Bacteria;Proteobacteria;Betaproteobacteria;Methylophilales;Methylophilaceae;Methylotenera;
1	9	85	40	10	2	200	Bacteria;Proteobacteria;Betaproteobacteria;Methylophilales;Methylophilaceae;OM43 clade;
1	0	0	0	0	0	0	Bacteria;Proteobacteria;Betaproteobacteria;Neisseriales;Neisseriaceae;Neisseria;
0	0	0	0	0	1	0	Bacteria;Proteobacteria;Betaproteobacteria;Neisseriales;Neisseriaceae;uncultured;
0	0	0	1	0	0	0	Bacteria;Proteobacteria;Betaproteobacteria;Nitrosomonadales;Nitrosomonadaceae;Nitrosomonas;
1	0	0	0	0	0	0	Bacteria;Proteobacteria;Betaproteobacteria;Rhodocyclales;Rhodocyclaceae;uncultured;
0	1	0	0	0	0	0	Bacteria;Proteobacteria;Betaproteobacteria;TRA3-20;
0	0	0	1	0	0	0	Bacteria;Proteobacteria;Deltaproteobacteria;43F-1404R;
0	0	0	2	0	0	0	Bacteria;Proteobacteria;Deltaproteobacteria;Bdellovibrionales;Bacteriovoracaceae;
0	0	0	3	0	0	0	Bacteria;Proteobacteria;Deltaproteobacteria;Bdellovibrionales;Bacteriovoracaceae;Deferrisoma;
3	1	4	4	1	1	0	Bacteria;Proteobacteria;Deltaproteobacteria;Bdellovibrionales;Bacteriovoracaceae;Halobacteriovorax;
8	1	0	32	1	3	0	Bacteria;Proteobacteria;Deltaproteobacteria;Bdellovibrionales;Bacteriovoracaceae;Peredibacter;
14	30	2	29	5	13	0	Bacteria;Proteobacteria;Deltaproteobacteria;Bdellovibrionales;Bacteriovoracaceae;uncultured;
2	0	0	7	0	0	0	Bacteria;Proteobacteria;Deltaproteobacteria;Bdellovibrionales;Bdellovibrionaceae;Bdellovibrio;
95	63	73	259	34	30	16	Bacteria;Proteobacteria;Deltaproteobacteria;Bdellovibrionales;Bdellovibrionaceae;OM27 clade;
29	23	46	249	11	11	8	Bacteria;Proteobacteria;Deltaproteobacteria;Bradymonadales;
0	0	0	8	0	0	0	Bacteria;Proteobacteria;Deltaproteobacteria;Desulfarculales;Desulfarculaceae;Desulfatiglans;
0	0	0	0	0	3	0	Bacteria;Proteobacteria;Deltaproteobacteria;Desulfarculales;Desulfarculaceae;uncultured;
0	0	0	1	0	0	0	Bacteria;Proteobacteria;Deltaproteobacteria;Desulfobacterales;Desulfobacteraceae;Desulfobacter;
0	0	0	1	0	0	0	Bacteria;Proteobacteria;Deltaproteobacteria;Desulfobacterales;Desulfobacteraceae;SEEP-SRB1;
0	0	1	55	0	0	0	Bacteria;Proteobacteria;Deltaproteobacteria;Desulfobacterales;Desulfobacteraceae;Sva0081 sediment group;
0	0	0	1	0	0	1	Bacteria;Proteobacteria;Deltaproteobacteria;Desulfobacterales;Desulfobacteraceae;uncultured;
0	0	0	44	0	0	0	Bacteria;Proteobacteria;Deltaproteobacteria;Desulfobacterales;Desulfobulbaceae;Desulfobulbus;
1	0	0	0	0	0	0	Bacteria;Proteobacteria;Deltaproteobacteria;Desulfobacterales;Desulfobulbaceae;Desulfocapsa;
0	0	1	0	0	0	0	Bacteria;Proteobacteria;Deltaproteobacteria;Desulfobacterales;Desulfobulbaceae;Desulforhopalus;
0	0	0	1	0	0	0	Bacteria;Proteobacteria;Deltaproteobacteria;Desulfobacterales;Desulfobulbaceae;uncultured;
1	0	1	0	0	0	0	Bacteria;Proteobacteria;Deltaproteobacteria;Desulfovibrionales;Desulfovibrionaceae;Desulfovibrio;
22	1	19	114	3	0	0	Bacteria;Proteobacteria;Deltaproteobacteria;Desulfurellales;Desulfurellaceae;H16;
0	0	0	1	0	0	0	Bacteria;Proteobacteria;Deltaproteobacteria;Desulfuromonadales;C8S-102;
1	0	0	0	0	0	0	Bacteria;Proteobacteria;Deltaproteobacteria;Desulfuromonadales;Desulfuromonadaceae;Desulfuromonas;
3	1	0	0	0	0	0	Bacteria;Proteobacteria;Deltaproteobacteria;Desulfuromonadales;Desulfuromonadaceae;Pelobacter;
0	0	13	0	0	0	0	Bacteria;Proteobacteria;Deltaproteobacteria;Desulfuromonadales;Geobacteraceae;Geoalkalibacter;
1	0	0	0	0	0	0	Bacteria;Proteobacteria;Deltaproteobacteria;Desulfuromonadales;Geobacteraceae;Geothermobacter;
0	0	0	5	0	0	0	Bacteria;Proteobacteria;Deltaproteobacteria;Desulfuromonadales;M113;
0	0	0	8	0	0	0	Bacteria;Proteobacteria;Deltaproteobacteria;Desulfuromonadales;Sva1033;
1	0	0	1	0	0	0	Bacteria;Proteobacteria;Deltaproteobacteria;Myxococcales;
0	0	0	2	0	0	0	Bacteria;Proteobacteria;Deltaproteobacteria;Myxococcales;27F-1492R;
2	2	3	12	2	5	0	Bacteria;Proteobacteria;Deltaproteobacteria;Myxococcales;BIrii41;
31	8	16	15	10	5	11	Bacteria;Proteobacteria;Deltaproteobacteria;Myxococcales;Blfdi19;
2	0	7	24	1	0	0	Bacteria;Proteobacteria;Deltaproteobacteria;Myxococcales;Eel-36e1D6;
0	0	0	12	0	0	0	Bacteria;Proteobacteria;Deltaproteobacteria;Myxococcales;Haliangiaceae;Haliangium;
0	0	0	1	0	0	0	Bacteria;Proteobacteria;Deltaproteobacteria;Myxococcales;MSB-4B10;
0	0	0	3	0	0	0	Bacteria;Proteobacteria;Deltaproteobacteria;Myxococcales;MidBa8;
0	1	0	2	0	0	0	Bacteria;Proteobacteria;Deltaproteobacteria;Myxococcales;Nannocystaceae;
0	0	0	1	0	0	0	Bacteria;Proteobacteria;Deltaproteobacteria;Myxococcales;Nannocystaceae;Enhygromyxa;
0	0	0	2	0	0	0	Bacteria;Proteobacteria;Deltaproteobacteria;Myxococcales;Nannocystaceae;Nannocystis;
7	0	0	33	0	4	0	Bacteria;Proteobacteria;Deltaproteobacteria;Myxococcales;Nannocystaceae;uncultured;
20	38	24	61	4	13	33	Bacteria;Proteobacteria;Deltaproteobacteria;Myxococcales;P3OB-42;
0	0	0	2	0	0	0	Bacteria;Proteobacteria;Deltaproteobacteria;Myxococcales;PS-B29;
0	0	0	0	0	2	0	Bacteria;Proteobacteria;Deltaproteobacteria;Myxococcales;Phaselicystidaceae;Phaselicystis;
2	0	0	11	0	0	0	Bacteria;Proteobacteria;Deltaproteobacteria;Myxococcales;Sandaracinaceae;Sandaracinus;
16	0	9	24	1	0	2	Bacteria;Proteobacteria;Deltaproteobacteria;Myxococcales;Sandaracinaceae;uncultured;
0	0	0	4	0	0	0	Bacteria;Proteobacteria;Deltaproteobacteria;Myxococcales;UASB-TL25;
0	0	0	1	0	0	0	Bacteria;Proteobacteria;Deltaproteobacteria;Myxococcales;VHS-B4-70;
0	0	1	8	0	0	1	Bacteria;Proteobacteria;Deltaproteobacteria;Myxococcales;bacteriap25;
0	0	0	0	0	1	0	Bacteria;Proteobacteria;Deltaproteobacteria;Myxococcales;mle1-27;
19	1	46	49	0	3	7	Bacteria;Proteobacteria;Deltaproteobacteria;NB1-j;
0	0	0	4	0	0	0	Bacteria;Proteobacteria;Deltaproteobacteria;Oligoflexales;0319-6G20;
0	0	0	3	0	0	0	Bacteria;Proteobacteria;Deltaproteobacteria;Oligoflexales;053A03-B-DI-P58;
103	31	75	56	21	23	31	Bacteria;Proteobacteria;Deltaproteobacteria;Oligoflexales;Oligoflexaceae;
0	0	0	1	1	4	0	Bacteria;Proteobacteria;Deltaproteobacteria;Oligoflexales;Oligoflexaceae;Pseudobacteriovorax;
194	343	120	459	74	160	188	Bacteria;Proteobacteria;Deltaproteobacteria;SAR324 clade(Marine group B);
0	0	0	3	0	0	0	Bacteria;Proteobacteria;Deltaproteobacteria;Sva0485;
0	0	0	1	0	0	0	Bacteria;Proteobacteria;Deltaproteobacteria;Syntrophobacterales;Syntrophaceae;Desulfobacca;
0	0	0	16	0	0	0	Bacteria;Proteobacteria;Deltaproteobacteria;Syntrophobacterales;Syntrophobacteraceae;uncultured;
0	0	0	3	0	0	0	Bacteria;Proteobacteria;Elev-16S-509;
14	0	5	0	6	1	0	Bacteria;Proteobacteria;Epsilonproteobacteria;Campylobacterales;Campylobacteraceae;Arcobacter;
4	2	0	0	1	0	2	Bacteria;Proteobacteria;Epsilonproteobacteria;Campylobacterales;Helicobacteraceae;Sulfurovum;
0	0	0	1	0	0	0	Bacteria;Proteobacteria;Gammaproteobacteria;
0	0	0	1	0	0	0	Bacteria;Proteobacteria;Gammaproteobacteria;Acidiferrobacterales;Acidiferrobacteraceae;Sulfurifustis;
0	0	0	1	0	0	0	Bacteria;Proteobacteria;Gammaproteobacteria;Acidithiobacillales;RCP1-48;
1	0	0	1	2	3	0	Bacteria;Proteobacteria;Gammaproteobacteria;Aeromonadales;Aeromonadaceae;Aeromonas;
10	0	2	1	3	0	0	Bacteria;Proteobacteria;Gammaproteobacteria;Aeromonadales;Aeromonadaceae;uncultured;
0	0	2	0	1	2	0	Bacteria;Proteobacteria;Gammaproteobacteria;Alteromonadales;Alteromonadaceae;
0	0	0	0	5	43	0	Bacteria;Proteobacteria;Gammaproteobacteria;Alteromonadales;Alteromonadaceae;Aestuariibacter;
0	0	0	0	1	5	0	Bacteria;Proteobacteria;Gammaproteobacteria;Alteromonadales;Alteromonadaceae;Agaribacter;
2	2	1	0	1	4	6	Bacteria;Proteobacteria;Gammaproteobacteria;Alteromonadales;Alteromonadaceae;Alteromonas;
0	0	0	0	0	2	0	Bacteria;Proteobacteria;Gammaproteobacteria;Alteromonadales;Alteromonadaceae;Bowmanella;
0	0	0	0	0	0	1	Bacteria;Proteobacteria;Gammaproteobacteria;Alteromonadales;Alteromonadaceae;Glaciecola;
4	3	5	0	4	2	5	Bacteria;Proteobacteria;Gammaproteobacteria;Alteromonadales;Alteromonadaceae;Marinobacter;
3	2	4	2	7	18	1	Bacteria;Proteobacteria;Gammaproteobacteria;Alteromonadales;Alteromonadaceae;Paraglaciecola;
0	1	0	0	1	0	0	Bacteria;Proteobacteria;Gammaproteobacteria;Alteromonadales;Alteromonadaceae;Salinimonas;
0	1	1	1	7	20	0	Bacteria;Proteobacteria;Gammaproteobacteria;Alteromonadales;Alteromonadaceae;uncultured;
0	0	0	0	1	0	0	Bacteria;Proteobacteria;Gammaproteobacteria;Alteromonadales;Celerinatantimonadaceae;Celerinatantimonas;
4	0	1	3	15	11	5	Bacteria;Proteobacteria;Gammaproteobacteria;Alteromonadales;Colwelliaceae;Colwellia;
0	0	4	4	1	11	0	Bacteria;Proteobacteria;Gammaproteobacteria;Alteromonadales;Colwelliaceae;Thalassotalea;
1	0	1	1	0	0	0	Bacteria;Proteobacteria;Gammaproteobacteria;Alteromonadales;Ferrimonadaceae;Ferrimonas;
0	14	10	0	1	0	5	Bacteria;Proteobacteria;Gammaproteobacteria;Alteromonadales;Idiomarinaceae;Idiomarina;
0	0	0	2	0	0	0	Bacteria;Proteobacteria;Gammaproteobacteria;Alteromonadales;Pseudoalteromonadaceae;Algicola;
10	18	29	2	21	26	6	Bacteria;Proteobacteria;Gammaproteobacteria;Alteromonadales;Pseudoalteromonadaceae;Pseudoalteromonas;
0	0	0	3	0	2	0	Bacteria;Proteobacteria;Gammaproteobacteria;Alteromonadales;Pseudoalteromonadaceae;Psychrosphaera;
0	3	0	0	1	9	0	Bacteria;Proteobacteria;Gammaproteobacteria;Alteromonadales;Pseudoalteromonadaceae;uncultured;
1	2	7	0	5	0	1	Bacteria;Proteobacteria;Gammaproteobacteria;Alteromonadales;Psychromonadaceae;Psychromonas;
0	0	0	0	0	0	1	Bacteria;Proteobacteria;Gammaproteobacteria;Alteromonadales;Shewanellaceae;Psychrobium;
6	3	2	1	3	4	13	Bacteria;Proteobacteria;Gammaproteobacteria;Alteromonadales;Shewanellaceae;Shewanella;
25	1	0	1	10	6	0	Bacteria;Proteobacteria;Gammaproteobacteria;Arenicellales;Arenicellaceae;Arenicella;
1	0	3	2	0	0	1	Bacteria;Proteobacteria;Gammaproteobacteria;Arenicellales;Arenicellaceae;uncultured;
2	0	2	8	0	0	0	Bacteria;Proteobacteria;Gammaproteobacteria;BD7-8 marine group;
0	0	0	0	0	1	0	Bacteria;Proteobacteria;Gammaproteobacteria;CK-1C2-67;
0	2	0	0	0	0	0	Bacteria;Proteobacteria;Gammaproteobacteria;CS-B046;
0	0	0	1	0	1	0	Bacteria;Proteobacteria;Gammaproteobacteria;Cardiobacteriales;Cardiobacteriaceae;uncultured;
0	0	0	1	0	0	0	Bacteria;Proteobacteria;Gammaproteobacteria;Cellvibrionales;
0	0	0	8	0	0	1	Bacteria;Proteobacteria;Gammaproteobacteria;Cellvibrionales;BD2-7;
0	0	0	1	0	0	0	Bacteria;Proteobacteria;Gammaproteobacteria;Cellvibrionales;Cellvibrionaceae;Aestuariicella;
2	0	2	0	0	0	0	Bacteria;Proteobacteria;Gammaproteobacteria;Cellvibrionales;Cellvibrionaceae;Candidatus Endobugula;
2	0	0	0	0	0	0	Bacteria;Proteobacteria;Gammaproteobacteria;Cellvibrionales;Cellvibrionaceae;Eionea;
2	1	1	1	0	6	0	Bacteria;Proteobacteria;Gammaproteobacteria;Cellvibrionales;Cellvibrionaceae;Maricurvus;
0	0	0	2	0	0	0	Bacteria;Proteobacteria;Gammaproteobacteria;Cellvibrionales;Cellvibrionaceae;Marinimicrobium;
1	0	0	0	0	0	0	Bacteria;Proteobacteria;Gammaproteobacteria;Cellvibrionales;Cellvibrionaceae;Pseudoteredinibacter;
2	0	0	3	2	3	1	Bacteria;Proteobacteria;Gammaproteobacteria;Cellvibrionales;Cellvibrionaceae;Simiduia;
0	0	0	0	3	1	0	Bacteria;Proteobacteria;Gammaproteobacteria;Cellvibrionales;Cellvibrionaceae;Umboniibacter;
3	0	4	12	4	0	0	Bacteria;Proteobacteria;Gammaproteobacteria;Cellvibrionales;Cellvibrionaceae;uncultured;
0	1	0	1	0	0	0	Bacteria;Proteobacteria;Gammaproteobacteria;Cellvibrionales;Halieaceae;
20	1	7	13	11	0	1	Bacteria;Proteobacteria;Gammaproteobacteria;Cellvibrionales;Halieaceae;Haliea;
9	2	1	13	17	2	0	Bacteria;Proteobacteria;Gammaproteobacteria;Cellvibrionales;Halieaceae;Halioglobus;
4	4	0	37	1	0	2	Bacteria;Proteobacteria;Gammaproteobacteria;Cellvibrionales;Halieaceae;Luminiphilus;
173	179	91	267	331	160	33	Bacteria;Proteobacteria;Gammaproteobacteria;Cellvibrionales;Halieaceae;OM60(NOR5) clade;
18	0	19	1	7	7	12	Bacteria;Proteobacteria;Gammaproteobacteria;Cellvibrionales;Halieaceae;Parahaliea;
7	0	0	4	2	1	0	Bacteria;Proteobacteria;Gammaproteobacteria;Cellvibrionales;Halieaceae;Pseudohaliea;
3	4	0	4	0	1	2	Bacteria;Proteobacteria;Gammaproteobacteria;Cellvibrionales;Porticoccaceae;C1-B045;
127	10	46	0	17	22	11	Bacteria;Proteobacteria;Gammaproteobacteria;Cellvibrionales;Porticoccaceae;SAR92 clade;
21	143	3	15	14	21	4	Bacteria;Proteobacteria;Gammaproteobacteria;Cellvibrionales;Spongiibacteraceae;BD1-7 clade;
0	0	1	4	0	0	5	Bacteria;Proteobacteria;Gammaproteobacteria;Cellvibrionales;Spongiibacteraceae;Dasania;
0	0	0	2	0	0	0	Bacteria;Proteobacteria;Gammaproteobacteria;Cellvibrionales;Spongiibacteraceae;Litorivivens;
0	0	1	0	0	0	2	Bacteria;Proteobacteria;Gammaproteobacteria;Cellvibrionales;Spongiibacteraceae;Oceanicoccus;
0	0	0	0	0	1	0	Bacteria;Proteobacteria;Gammaproteobacteria;Cellvibrionales;Spongiibacteraceae;Sinobacterium;
0	0	0	0	0	1	1	Bacteria;Proteobacteria;Gammaproteobacteria;Cellvibrionales;Spongiibacteraceae;Spongiibacter;
0	0	0	0	0	0	4	Bacteria;Proteobacteria;Gammaproteobacteria;Cellvibrionales;Spongiibacteraceae;Zhongshania;
0	1	3	0	0	0	0	Bacteria;Proteobacteria;Gammaproteobacteria;Chromatiales;Chromatiaceae;Rheinheimera;
1	0	0	5	0	0	0	Bacteria;Proteobacteria;Gammaproteobacteria;Chromatiales;Ectothiorhodospiraceae;Thioalkalispira;
1	0	0	0	0	0	0	Bacteria;Proteobacteria;Gammaproteobacteria;Chromatiales;Ectothiorhodospiraceae;Thiogranum;
0	1	0	0	0	0	0	Bacteria;Proteobacteria;Gammaproteobacteria;Chromatiales;Ectothiorhodospiraceae;uncultured;
3	0	1	20	0	0	2	Bacteria;Proteobacteria;Gammaproteobacteria;Chromatiales;Granulosicoccaceae;Granulosicoccus;
153	11	45	183	23	4	93	Bacteria;Proteobacteria;Gammaproteobacteria;E01-9C-26 marine group;
1	0	0	6	0	0	0	Bacteria;Proteobacteria;Gammaproteobacteria;EC3;
1	0	0	0	1	0	0	Bacteria;Proteobacteria;Gammaproteobacteria;Enterobacteriales;Enterobacteriaceae;
0	0	0	1	0	0	0	Bacteria;Proteobacteria;Gammaproteobacteria;Enterobacteriales;Enterobacteriaceae;Buchnera;
0	0	0	0	1	0	0	Bacteria;Proteobacteria;Gammaproteobacteria;Enterobacteriales;Enterobacteriaceae;Budvicia;
0	0	0	0	0	1	0	Bacteria;Proteobacteria;Gammaproteobacteria;Enterobacteriales;Enterobacteriaceae;Buttiauxella;
0	0	0	0	1	0	0	Bacteria;Proteobacteria;Gammaproteobacteria;Enterobacteriales;Enterobacteriaceae;Candidatus Blochmannia;
0	0	0	0	1	0	0	Bacteria;Proteobacteria;Gammaproteobacteria;Enterobacteriales;Enterobacteriaceae;Candidatus Rosenkranzia;
1	0	0	0	0	0	0	Bacteria;Proteobacteria;Gammaproteobacteria;Enterobacteriales;Enterobacteriaceae;Cedecea;
49	15	11	167	399	89	46	Bacteria;Proteobacteria;Gammaproteobacteria;Enterobacteriales;Enterobacteriaceae;Citrobacter;
0	0	0	0	0	1	0	Bacteria;Proteobacteria;Gammaproteobacteria;Enterobacteriales;Enterobacteriaceae;Cronobacter;
386	68	126	111	47	308	33	Bacteria;Proteobacteria;Gammaproteobacteria;Enterobacteriales;Enterobacteriaceae;Enterobacter;
0	0	0	0	1	0	0	Bacteria;Proteobacteria;Gammaproteobacteria;Enterobacteriales;Enterobacteriaceae;Erwinia;
12	3	2	9	27	20	2	Bacteria;Proteobacteria;Gammaproteobacteria;Enterobacteriales;Enterobacteriaceae;Escherichia-Shigella;
0	1	0	0	10	8	3	Bacteria;Proteobacteria;Gammaproteobacteria;Enterobacteriales;Enterobacteriaceae;Klebsiella;
1	1	0	0	0	1	0	Bacteria;Proteobacteria;Gammaproteobacteria;Enterobacteriales;Enterobacteriaceae;Lelliottia;
2	0	0	0	1	1	0	Bacteria;Proteobacteria;Gammaproteobacteria;Enterobacteriales;Enterobacteriaceae;Pantoea;
1	0	0	0	0	0	0	Bacteria;Proteobacteria;Gammaproteobacteria;Enterobacteriales;Enterobacteriaceae;Phaseolibacter;
0	1	1	0	4	0	0	Bacteria;Proteobacteria;Gammaproteobacteria;Enterobacteriales;Enterobacteriaceae;Plesiomonas;
0	0	0	0	0	1	0	Bacteria;Proteobacteria;Gammaproteobacteria;Enterobacteriales;Enterobacteriaceae;Pragia;
2	1	1	4	0	3	2	Bacteria;Proteobacteria;Gammaproteobacteria;Enterobacteriales;Enterobacteriaceae;Rahnella;
13	4	4	14	13	18	1	Bacteria;Proteobacteria;Gammaproteobacteria;Enterobacteriales;Enterobacteriaceae;Raoultella;
2	0	0	0	1	1	0	Bacteria;Proteobacteria;Gammaproteobacteria;Enterobacteriales;Enterobacteriaceae;Rosenbergiella;
169	37	40	100	169	144	26	Bacteria;Proteobacteria;Gammaproteobacteria;Enterobacteriales;Enterobacteriaceae;Serratia;
18	1	0	4	2	1	1	Bacteria;Proteobacteria;Gammaproteobacteria;Enterobacteriales;Enterobacteriaceae;Yersinia;
1	0	0	0	0	1	0	Bacteria;Proteobacteria;Gammaproteobacteria;Enterobacteriales;Enterobacteriaceae;uncultured;
10	0	3	1	6	2	2	Bacteria;Proteobacteria;Gammaproteobacteria;Gammaproteobacteria Incertae Sedis;Unknown Family;Marinicella;
0	0	0	2	0	0	0	Bacteria;Proteobacteria;Gammaproteobacteria;Gammaproteobacteria Incertae Sedis;Unknown Family;Sedimenticola;
0	0	1	0	0	0	0	Bacteria;Proteobacteria;Gammaproteobacteria;Gammaproteobacteria Incertae Sedis;Unknown Family;Thiohalomonas;
1	0	0	1	0	0	1	Bacteria;Proteobacteria;Gammaproteobacteria;Gammaproteobacteria Incertae Sedis;Unknown Family;Thiohalophilus;
0	0	0	1	0	0	0	Bacteria;Proteobacteria;Gammaproteobacteria;Gammaproteobacteria Incertae Sedis;Unknown Family;Thiolapillus;
0	1	0	0	0	0	0	Bacteria;Proteobacteria;Gammaproteobacteria;Gammaproteobacteria Incertae Sedis;Unknown Family;Wenzhouxiangella;
98	477	71	214	93	325	141	Bacteria;Proteobacteria;Gammaproteobacteria;Gammaproteobacteria Incertae Sedis;Unknown Family;uncultured;
0	0	0	2	0	0	0	Bacteria;Proteobacteria;Gammaproteobacteria;HOC36;
5	2	5	23	5	14	3	Bacteria;Proteobacteria;Gammaproteobacteria;HTA4;
0	0	0	1	0	0	0	Bacteria;Proteobacteria;Gammaproteobacteria;I3A;
116	63	73	64	90	79	67	Bacteria;Proteobacteria;Gammaproteobacteria;KI89A clade;
30	26	18	138	11	4	16	Bacteria;Proteobacteria;Gammaproteobacteria;Legionellales;Coxiellaceae;Coxiella;
9	0	0	6	4	0	2	Bacteria;Proteobacteria;Gammaproteobacteria;Legionellales;Legionellaceae;uncultured;
0	0	0	1	0	0	0	Bacteria;Proteobacteria;Gammaproteobacteria;Methylococcales;Methylococcaceae;Methylomonas;
0	1	0	1	0	4	0	Bacteria;Proteobacteria;Gammaproteobacteria;Methylococcales;Methylococcaceae;Methylovulum;
6	0	1	1	0	5	0	Bacteria;Proteobacteria;Gammaproteobacteria;Oceanospirillales;
0	1	0	0	0	0	0	Bacteria;Proteobacteria;Gammaproteobacteria;Oceanospirillales;2B4;
0	6	42	0	2	1	11	Bacteria;Proteobacteria;Gammaproteobacteria;Oceanospirillales;Alcanivoracaceae;Alcanivorax;
4	0	0	6	2	7	1	Bacteria;Proteobacteria;Gammaproteobacteria;Oceanospirillales;Alcanivoracaceae;Kangiella;
0	1	0	0	0	0	0	Bacteria;Proteobacteria;Gammaproteobacteria;Oceanospirillales;BPS-CK174;
2	2	0	2	0	2	0	Bacteria;Proteobacteria;Gammaproteobacteria;Oceanospirillales;CrystalBog021C3;
3	1	5	4	0	0	1	Bacteria;Proteobacteria;Gammaproteobacteria;Oceanospirillales;Hahellaceae;Endozoicomonas;
0	1	0	0	0	0	0	Bacteria;Proteobacteria;Gammaproteobacteria;Oceanospirillales;Hahellaceae;Hahella;
1	0	0	0	0	0	0	Bacteria;Proteobacteria;Gammaproteobacteria;Oceanospirillales;Hahellaceae;Kistimonas;
0	1	0	0	1	0	0	Bacteria;Proteobacteria;Gammaproteobacteria;Oceanospirillales;Halomonadaceae;Chromohalobacter;
5	2	147	0	5	5	2	Bacteria;Proteobacteria;Gammaproteobacteria;Oceanospirillales;Halomonadaceae;Halomonas;
1	1	0	0	1	1	1	Bacteria;Proteobacteria;Gammaproteobacteria;Oceanospirillales;Halomonadaceae;Salinicola;
0	0	154	0	10	0	56	Bacteria;Proteobacteria;Gammaproteobacteria;Oceanospirillales;J8P41000-1F04;
3	1	9	1	7	5	16	Bacteria;Proteobacteria;Gammaproteobacteria;Oceanospirillales;JL-ETNP-Y6;
5	8	4	20	1	11	1	Bacteria;Proteobacteria;Gammaproteobacteria;Oceanospirillales;Litoricolaceae;Litoricola;
1	0	0	0	0	0	1	Bacteria;Proteobacteria;Gammaproteobacteria;Oceanospirillales;Nit5Au0613-695;
100	59	30	207	17	47	41	Bacteria;Proteobacteria;Gammaproteobacteria;Oceanospirillales;OM182 clade;
0	0	0	1	0	0	0	Bacteria;Proteobacteria;Gammaproteobacteria;Oceanospirillales;Oceanospirillaceae;
5	0	7	0	16	10	3	Bacteria;Proteobacteria;Gammaproteobacteria;Oceanospirillales;Oceanospirillaceae;Balneatrix;
0	0	0	1	0	0	0	Bacteria;Proteobacteria;Gammaproteobacteria;Oceanospirillales;Oceanospirillaceae;Litoribacillus;
20	12	11	14	11	15	3	Bacteria;Proteobacteria;Gammaproteobacteria;Oceanospirillales;Oceanospirillaceae;Marinobacterium;
5	0	0	0	0	3	0	Bacteria;Proteobacteria;Gammaproteobacteria;Oceanospirillales;Oceanospirillaceae;Marinomonas;
2	0	0	2	0	0	0	Bacteria;Proteobacteria;Gammaproteobacteria;Oceanospirillales;Oceanospirillaceae;Motiliproteus;
0	0	0	0	0	0	1	Bacteria;Proteobacteria;Gammaproteobacteria;Oceanospirillales;Oceanospirillaceae;Neptuniibacter;
1	0	0	0	0	0	0	Bacteria;Proteobacteria;Gammaproteobacteria;Oceanospirillales;Oceanospirillaceae;Oceaniserpentilla;
0	0	0	0	0	0	1	Bacteria;Proteobacteria;Gammaproteobacteria;Oceanospirillales;Oceanospirillaceae;Oceanobacter;
0	0	0	0	0	1	0	Bacteria;Proteobacteria;Gammaproteobacteria;Oceanospirillales;Oceanospirillaceae;Oleibacter;
2	0	0	0	0	1	1	Bacteria;Proteobacteria;Gammaproteobacteria;Oceanospirillales;Oceanospirillaceae;Oleispira;
134	52	116	34	45	87	238	Bacteria;Proteobacteria;Gammaproteobacteria;Oceanospirillales;Oceanospirillaceae;Pseudohongiella;
0	0	0	0	1	0	0	Bacteria;Proteobacteria;Gammaproteobacteria;Oceanospirillales;Oceanospirillaceae;Thalassolituus;
0	0	0	0	0	1	1	Bacteria;Proteobacteria;Gammaproteobacteria;Oceanospirillales;Oceanospirillaceae;uncultured;
0	0	0	1	0	0	0	Bacteria;Proteobacteria;Gammaproteobacteria;Oceanospirillales;Oceanospirillales Incertae Sedis;Gynuella;
3	0	0	1	4	20	1	Bacteria;Proteobacteria;Gammaproteobacteria;Oceanospirillales;Oleiphilaceae;Oleiphilus;
2483	2533	1837	814	1789	2576	858	Bacteria;Proteobacteria;Gammaproteobacteria;Oceanospirillales;SAR86 clade;
4	0	1	6	0	0	1	Bacteria;Proteobacteria;Gammaproteobacteria;Oceanospirillales;SS1-B-06-26;
0	0	1	0	0	0	6	Bacteria;Proteobacteria;Gammaproteobacteria;Oceanospirillales;SUP05 cluster;
0	1	0	0	0	0	0	Bacteria;Proteobacteria;Gammaproteobacteria;Oceanospirillales;TBZ33;
42	0	31	0	100	0	175	Bacteria;Proteobacteria;Gammaproteobacteria;Oceanospirillales;ZD0405;
0	0	1	1	0	0	1	Bacteria;Proteobacteria;Gammaproteobacteria;PYR10d3;
0	1	0	0	0	0	0	Bacteria;Proteobacteria;Gammaproteobacteria;Pasteurellales;Pasteurellaceae;Actinobacillus;
6	0	1	0	2	2	5	Bacteria;Proteobacteria;Gammaproteobacteria;Pseudomonadales;Moraxellaceae;Acinetobacter;
0	0	0	0	2	0	0	Bacteria;Proteobacteria;Gammaproteobacteria;Pseudomonadales;Moraxellaceae;Alkanindiges;
2	0	0	0	0	0	0	Bacteria;Proteobacteria;Gammaproteobacteria;Pseudomonadales;Moraxellaceae;Enhydrobacter;
0	0	0	1	0	0	0	Bacteria;Proteobacteria;Gammaproteobacteria;Pseudomonadales;Moraxellaceae;Moraxella;
0	0	0	0	0	0	2	Bacteria;Proteobacteria;Gammaproteobacteria;Pseudomonadales;Moraxellaceae;Perlucidibaca;
5	0	1	0	5	0	2	Bacteria;Proteobacteria;Gammaproteobacteria;Pseudomonadales;Moraxellaceae;Psychrobacter;
0	0	0	1	0	0	0	Bacteria;Proteobacteria;Gammaproteobacteria;Pseudomonadales;Pseudomonadaceae;Azotobacter;
34	5	16	14	67	12	13	Bacteria;Proteobacteria;Gammaproteobacteria;Pseudomonadales;Pseudomonadaceae;Pseudomonas;
0	0	0	2	0	0	0	Bacteria;Proteobacteria;Gammaproteobacteria;SS1-B-09-64;
0	0	1	0	0	0	30	Bacteria;Proteobacteria;Gammaproteobacteria;Salinisphaerales;Salinisphaeraceae;Oceanococcus;
0	13	42	0	2	0	1	Bacteria;Proteobacteria;Gammaproteobacteria;Salinisphaerales;Salinisphaeraceae;Salinisphaera;
279	23	131	183	31	59	217	Bacteria;Proteobacteria;Gammaproteobacteria;Salinisphaerales;Salinisphaeraceae;ZD0417 marine group;
1	0	2	14	0	0	0	Bacteria;Proteobacteria;Gammaproteobacteria;Sva0071;
0	1	0	0	0	0	0	Bacteria;Proteobacteria;Gammaproteobacteria;Thiotrichales;
0	0	0	2	0	0	0	Bacteria;Proteobacteria;Gammaproteobacteria;Thiotrichales;1G93;
0	1	2	1	0	0	0	Bacteria;Proteobacteria;Gammaproteobacteria;Thiotrichales;EV818SWSAP88;
1	0	1	0	1	1	1	Bacteria;Proteobacteria;Gammaproteobacteria;Thiotrichales;Francisellaceae;Francisella;
0	0	0	0	0	0	1	Bacteria;Proteobacteria;Gammaproteobacteria;Thiotrichales;Gven-D09;
0	0	0	5	0	0	0	Bacteria;Proteobacteria;Gammaproteobacteria;Thiotrichales;H2-104-2;
0	0	0	0	0	0	8	Bacteria;Proteobacteria;Gammaproteobacteria;Thiotrichales;Piscirickettsiaceae;Cycloclasticus;
1	0	0	0	2	0	0	Bacteria;Proteobacteria;Gammaproteobacteria;Thiotrichales;Piscirickettsiaceae;Marine Methylotrophic Group 3;
0	0	0	0	0	0	2	Bacteria;Proteobacteria;Gammaproteobacteria;Thiotrichales;Piscirickettsiaceae;Methylophaga;
0	0	0	1	0	0	0	Bacteria;Proteobacteria;Gammaproteobacteria;Thiotrichales;Piscirickettsiaceae;endosymbionts;
1	0	1	2	0	0	0	Bacteria;Proteobacteria;Gammaproteobacteria;Thiotrichales;Piscirickettsiaceae;uncultured;
2	0	1	0	0	0	0	Bacteria;Proteobacteria;Gammaproteobacteria;Thiotrichales;Thiotrichaceae;Cocleimonas;
2	0	3	0	0	0	0	Bacteria;Proteobacteria;Gammaproteobacteria;Thiotrichales;Thiotrichaceae;Leucothrix;
0	0	0	1	0	0	0	Bacteria;Proteobacteria;Gammaproteobacteria;Thiotrichales;Thiotrichaceae;Methylohalomonas;
22	58	8	11	38	13	19	Bacteria;Proteobacteria;Gammaproteobacteria;Thiotrichales;Thiotrichaceae;Thiothrix;
1	1	1	2	0	0	0	Bacteria;Proteobacteria;Gammaproteobacteria;Thiotrichales;Thiotrichaceae;uncultured;
2	3	1	5	1	5	1	Bacteria;Proteobacteria;Gammaproteobacteria;Thiotrichales;Thiotrichales Incertae Sedis;Caedibacter;
5	13	11	15	0	0	13	Bacteria;Proteobacteria;Gammaproteobacteria;Thiotrichales;Thiotrichales Incertae Sedis;Candidatus Endoecteinascidia;
2	0	0	0	3	3	1	Bacteria;Proteobacteria;Gammaproteobacteria;Thiotrichales;uncultured;
1	1	1	2	4	0	0	Bacteria;Proteobacteria;Gammaproteobacteria;Vibrionales;Vibrionaceae;Enterovibrio;
4	4	2	4	7	6	0	Bacteria;Proteobacteria;Gammaproteobacteria;Vibrionales;Vibrionaceae;Grimontia;
16	1	3	8	11	4	4	Bacteria;Proteobacteria;Gammaproteobacteria;Vibrionales;Vibrionaceae;Photobacterium;
76	70	20	25	64	66	1	Bacteria;Proteobacteria;Gammaproteobacteria;Vibrionales;Vibrionaceae;Vibrio;
6	1	0	0	8	10	0	Bacteria;Proteobacteria;Gammaproteobacteria;Vibrionales;Vibrionaceae;uncultured;
0	0	0	1	0	0	0	Bacteria;Proteobacteria;Gammaproteobacteria;X35;
0	0	0	0	0	0	1	Bacteria;Proteobacteria;Gammaproteobacteria;Xanthomonadales;Algiphilaceae;Algiphilus;
54	38	33	247	85	20	52	Bacteria;Proteobacteria;Gammaproteobacteria;Xanthomonadales;JTB255 marine benthic group;
0	0	2	0	0	0	0	Bacteria;Proteobacteria;Gammaproteobacteria;Xanthomonadales;Nevskiaceae;Nevskia;
0	0	1	0	2	0	0	Bacteria;Proteobacteria;Gammaproteobacteria;Xanthomonadales;Solimonadaceae;Fontimonas;
0	0	3	0	0	0	2	Bacteria;Proteobacteria;Gammaproteobacteria;Xanthomonadales;Solimonadaceae;Polycyclovorans;
1	0	0	0	3	0	0	Bacteria;Proteobacteria;Gammaproteobacteria;Xanthomonadales;Xanthomonadaceae;Pseudoxanthomonas;
28	9	6	11	18	16	1	Bacteria;Proteobacteria;Gammaproteobacteria;Xanthomonadales;Xanthomonadaceae;Stenotrophomonas;
0	0	1	0	0	0	0	Bacteria;Proteobacteria;Gammaproteobacteria;Xanthomonadales;Xanthomonadales Incertae Sedis;Steroidobacter;
6	0	4	17	0	1	42	Bacteria;Proteobacteria;Gammaproteobacteria;Xanthomonadales;uncultured;
10	2	14	76	2	0	14	Bacteria;Proteobacteria;Gammaproteobacteria;uncultured;
0	0	0	2	0	0	1	Bacteria;Proteobacteria;JTB23;
6	1	4	6	1	2	7	Bacteria;Proteobacteria;JdFBHP3;
0	0	0	3	0	0	0	Bacteria;Proteobacteria;MACA-EFT26;
0	0	1	1	0	0	0	Bacteria;Proteobacteria;Proteobacteria Incertae Sedis;Unknown Order;Unknown Family;Candidatus Tenderia;
28	24	15	38	2	8	55	Bacteria;Proteobacteria;SPOTSOCT00m83;
0	0	0	0	0	0	1	Bacteria;Proteobacteria;Skagenf62;
0	0	0	2	0	0	0	Bacteria;Proteobacteria;pItb-vmat-80;
0	0	0	6	0	0	0	Bacteria;RBG-1 (Zixibacteria);
63	79	44	23	16	22	145	Bacteria;SBR1093;
2	0	0	1	0	0	0	Bacteria;SR1 (Absconditabacteria);
0	0	0	1	0	0	0	Bacteria;Saccharibacteria;
0	1	0	0	0	0	0	Bacteria;Spirochaetae;Spirochaetes;Spirochaetales;Brevinemataceae;Brevinema;
2	0	0	5	0	0	0	Bacteria;Spirochaetae;Spirochaetes;Spirochaetales;Spirochaetaceae;Spirochaeta 2;
2	0	0	3	0	0	1	Bacteria;TM6 (Dependentiae);
0	0	1	0	0	0	0	Bacteria;Tectomicrobia;
0	0	0	1	0	0	0	Bacteria;Tectomicrobia;Tectomicrobia Incertae Sedis;Unknown Order;Unknown Family;Candidatus Entotheonella;
0	0	0	2	1	0	0	Bacteria;Tenericutes;Mollicutes;Acholeplasmatales;Acholeplasmataceae;Acholeplasma;
23	29	16	52	5	13	14	Bacteria;Verrucomicrobia;Arctic97B-4 marine group;
26	4	6	84	2	7	24	Bacteria;Verrucomicrobia;OPB35 soil group;
0	0	0	1	0	0	0	Bacteria;Verrucomicrobia;OPB35 soil group;Unknown Order;Unknown Family;Pedosphaera;
8	3	1	2	0	1	1	Bacteria;Verrucomicrobia;Opitutae;A714019;
52	26	22	40	1	1	8	Bacteria;Verrucomicrobia;Opitutae;MB11C04 marine group;
2	2	3	4	0	0	1	Bacteria;Verrucomicrobia;Opitutae;Puniceicoccales;Puniceicoccaceae;Cerasicoccus;
405	416	0	0	3	11	0	Bacteria;Verrucomicrobia;Opitutae;Puniceicoccales;Puniceicoccaceae;Coraliomargarita;
2	2	7	18	1	2	0	Bacteria;Verrucomicrobia;Opitutae;Puniceicoccales;Puniceicoccaceae;Lentimonas;
6	4	3	2	1	1	1	Bacteria;Verrucomicrobia;Opitutae;Puniceicoccales;Puniceicoccaceae;Pelagicoccus;
0	14	0	0	0	2	6	Bacteria;Verrucomicrobia;Opitutae;Puniceicoccales;Puniceicoccaceae;marine group;
2	0	0	7	0	6	0	Bacteria;Verrucomicrobia;Opitutae;Puniceicoccales;Puniceicoccaceae;uncultured;
16	153	0	1	2	49	0	Bacteria;Verrucomicrobia;R76-B128;
0	0	0	3	0	0	0	Bacteria;Verrucomicrobia;S-BQ2-57 soil group;
118	22	28	96	65	9	16	Bacteria;Verrucomicrobia;Verrucomicrobiae;Verrucomicrobiales;DEV007;
16	7	2	2	14	0	1	Bacteria;Verrucomicrobia;Verrucomicrobiae;Verrucomicrobiales;Rubritaleaceae;Rubritalea;
1	0	0	0	0	0	0	Bacteria;Verrucomicrobia;Verrucomicrobiae;Verrucomicrobiales;Verrucomicrobiaceae;Haloferula;
2	0	0	2	1	17	0	Bacteria;Verrucomicrobia;Verrucomicrobiae;Verrucomicrobiales;Verrucomicrobiaceae;Persicirhabdus;
41	0	46	7	11	4	7	Bacteria;Verrucomicrobia;Verrucomicrobiae;Verrucomicrobiales;Verrucomicrobiaceae;Roseibacillus;
5	0	1	0	0	0	0	Bacteria;Verrucomicrobia;Verrucomicrobiae;Verrucomicrobiales;Verrucomicrobiaceae;uncultured;
2	0	0	40	0	0	0	Bacteria;Verrucomicrobia;WCHB1-41;
325	414	699	431	1152	785	603	No Relative
